link,title
https://habr.com/ru/post/489622/,Сдруживаем Python и Bash: библиотеки smart-env и python-shell
https://habr.com/ru/post/489144/,Роботаракан Петя за десять баксов
https://habr.com/ru/post/489560/,Форма обратной связи в React Native при помощи AWS + Telegram
https://habr.com/ru/post/489576/,Нюансы современной медицины
https://habr.com/ru/post/489614/,Маркировка остатков обуви в 1С. Решение проблемы сканирования и выгрузки в «Честный знак»
https://habr.com/ru/post/482578/,Envoy. 1. Введение
https://habr.com/ru/post/489608/,Взаимодействие с NIDD через SCEF с использованием утилиты Postman. Краткий экскурс в SCEF и его возможности
https://habr.com/ru/company/maxilect/blog/489604/,"Как я, тимлид, оцениваю проекты"
https://habr.com/ru/post/489594/,Framework vs Platform: в чём разница?
https://habr.com/ru/company/digital-ecosystems/blog/489596/,Дайджест интересных материалов для мобильного разработчика #334 (17 — 23 февраля)
https://habr.com/ru/post/489590/,Что делать если программисту постоянно нечего делать?
https://habr.com/ru/post/488578/,Красно-чёрные деревья на javascript
https://habr.com/ru/post/489588/,"Hack The Box — прохождение Zetta. FXP, IPv6, rsync, Postgres и SQLi"
https://habr.com/ru/post/489586/,Визуализация звука на старинных лампах
https://habr.com/ru/post/489582/,В поисках «Годзиллы». Нейросети и прогнозирование котировок на основе биржевых и «внешних» данных
https://habr.com/ru/company/ua-hosting/blog/489568/,Конференция DEFCON 27. Изготовление дубликатов механических ключей с ограниченным доступом. Часть 1
https://habr.com/ru/post/489528/,Вы не смотрите рекламу во время разработки? Непорядок
https://habr.com/ru/company/pult/blog/489558/,"О Samsung обновившем TV-флагман: Q950 — изменения, косяки, а также прогнозы для нового устройства"
https://habr.com/ru/post/489552/,Диагностируем проблемы в микросервисной архитектуре на Node.js с помощью OpenTracing и Jaeger
https://habr.com/ru/post/489550/,7 трюков с Rest и Spread операторами при работе c JS объектами
https://habr.com/ru/post/489548/,"Примерно 20 строк, примерно такие же результаты: wc на Elixir"
https://habr.com/ru/post/489122/,Типизированные запросы OData в TypeScript
https://habr.com/ru/post/489166/,О работе ПК на примере Windows 10 и клавиатуры ч.2
https://habr.com/ru/post/489544/,Ресайз изображений на лету с помощью Nginx и LuaJIT (OpenResty)
https://habr.com/ru/post/489542/,Nano или минималистичный IDE
https://habr.com/ru/post/489540/,Отладка микроконтроллеров ARM Cortex-M по UART Часть 2
https://habr.com/ru/post/489538/,Почему разработчикам не нравится Agile?
https://habr.com/ru/post/489536/,Особенности систем электроснабжения с применением ДДИБП
https://habr.com/ru/company/jugru/blog/489532/,Что нового в Android 11 для пользователей и разработчиков
https://habr.com/ru/post/489530/,Что делает реактивную систему хорошей?
https://habr.com/ru/company/JetBrains-education/blog/489408/,Магистерская программа JetBrains на базе Университете ИТМО: интервью со студентами
https://habr.com/ru/company/iticapital/blog/489518/,В США появится лоукост-биржа Members Exchange
https://habr.com/ru/post/489516/,Дружим React Native и Fastlane
https://habr.com/ru/post/489504/,Как начать создавать карту в UE4
https://habr.com/ru/post/489490/,Крестики-нолики (PixiJS)
https://habr.com/ru/post/489482/,"Что нужно знать, если вы хотите вызывать Go функции из ассемблера"
https://habr.com/ru/post/489510/,Попытка решить проблему выбора авиабилетов перед отпуском #2
https://habr.com/ru/post/489512/,"Flutter. BlOC, Provider, async – архитектура «по полочкам»"
https://habr.com/ru/post/489492/,Яндекс.Диск запретил использование open source утилиты rclone
https://habr.com/ru/post/489500/,Оценка задач в Story Points
https://habr.com/ru/company/ua-hosting/blog/489332/,Неотъемлемые помощники в деле разведки наиболее эффективной в мире спецслужбы (часть 3)
https://habr.com/ru/company/englishdom/blog/489464/,«I’ll be back!»: как изменился английский Арнольда Шварценеггера за 50 лет в США
https://habr.com/ru/post/489486/,Применяем Data Science в мирных целях покупки дома
https://habr.com/ru/post/489340/,Как максимальной единицей передачи информации в интернете стали 1500 байт
https://habr.com/ru/post/489476/,Стилизация флажков и переключателей с использованием CSS3
https://habr.com/ru/company/habr/blog/489418/,"Хабр Викли #40 / Мозилла спасает интернет, в геймдеве кончились идеи, и зачем изучать исходники классических программ"
https://habr.com/ru/post/489354/,"IdentityServer4. Основные понятия. OpenID Connect, OAuth 2.0 и JWT"
https://habr.com/ru/post/489472/,Веб-архив: импортозамещение
https://habr.com/ru/post/489470/,Соревновательный потенциал Besiege-подобных симуляторов
https://habr.com/ru/post/489468/,Простое Slack приложение для публикации контента из Google Sheets
https://habr.com/ru/post/489460/,Ультрафиолет на двух пальцах
https://habr.com/ru/post/489328/,Null подкрался незаметно: ломаем Scala Option с помощью Java
https://habr.com/ru/post/489436/,"Очистка данных, как игра «Камень, Ножницы, Бумага». Это игра с финишем или без? Часть 2. Практическая"
https://habr.com/ru/company/madrobots/blog/489414/,Безумные роботы в Вегасе. Поездка на CES 2020
https://habr.com/ru/post/489440/,Преимущества переезда на ПМЖ в Берлин для ИТ-специалистов
https://habr.com/ru/post/489426/,"Представляем PHP 7.4: Производительность, Возможности, Устаревший Функционал"
https://habr.com/ru/post/489424/,Методы автоматизированного тестирования
https://habr.com/ru/company/it-grad/blog/489404/,Детство компьютерных вирусов
https://habr.com/ru/post/489412/,Превратит ли медицина 2030 года Homo sapiens в Homo longevus – сверхдолгожителей
https://habr.com/ru/company/itelma/blog/483960/,Брэд Тэмплтон: Итоги 2019 года для индустрии автономных автомобилей
https://habr.com/ru/company/otus/blog/489366/,Почему для SQL Server важна статистика
https://habr.com/ru/company/wrike/blog/489400/,Звездолеты на ДВС. Выжить в схватке с техническим долгом
https://habr.com/ru/company/qiwi/blog/489390/,"Новая QIWI Кухня — уже 5 марта. Москва, AGLOFT"
https://habr.com/ru/company/badoo/blog/489362/,Что делать с легаси. Материалы с Badoo PHP Meetup #4
https://habr.com/ru/company/dodopizzadev/blog/489352/,Что можно узнать о Domain Driven Design за 10 минут?
https://habr.com/ru/post/489368/,"Очистка данных, как игра «Камень, Ножницы, Бумага». Это игра с финишем или без? Часть 1. Теоретическая"
https://habr.com/ru/company/plarium/blog/489394/,"Как питомцы могут сделать из вас хорошего программиста (да, они действительно это могут!)"
https://habr.com/ru/post/489386/,Так вы хотите стать Ruby разработчиком?
https://habr.com/ru/company/otus/blog/489384/,Создать мощный курс Machine Learning: миссия выполнена
https://habr.com/ru/company/JetBrains/blog/489382/,"Первый воркшоп Corporate Rebels в России, 8 апреля"
https://habr.com/ru/company/parallels/blog/489376/,Управление Mac в мире Windows
https://habr.com/ru/company/vdsina/blog/489380/,Как запустить стартап с минимальными потерями: 23 правила
https://habr.com/ru/post/489364/,Шпаргалка аналитику: как «раскопать» систему
https://habr.com/ru/post/489360/,Разбираемся с управлением памятью в современных языках программирования
https://habr.com/ru/company/otus/blog/489356/,"CI/CD на AWS, Azure и Gitlab. Новый курс от OTUS"
https://habr.com/ru/company/exness/blog/489214/,Современный подход к тестированию локализации на iOS
https://habr.com/ru/company/jugru/blog/489310/,Tоп-10: лучшие доклады Heisenbug 2019 Moscow
https://habr.com/ru/post/488874/,Моя попытка номер 5
https://habr.com/ru/company/ruvds/blog/488666/,10 React-компонентов на все случаи жизни
https://habr.com/ru/company/jugru/blog/489290/,"«Работа в ИТ — 2020», или Кого и за что мы любим"
https://habr.com/ru/post/489348/,Настройка VPS на максимальную производительность
https://habr.com/ru/company/vivaldi/blog/489344/,Не оставляя следов
https://habr.com/ru/post/488702/,Модель натурального ряда чисел и его элементов. Кратные клетки строк
https://habr.com/ru/post/489336/,"Интерфейсные байки Токсичного Деда. “Учиться, учиться и еще раз учиться” (s1 e3)"
https://habr.com/ru/company/jetinfosystems/blog/489234/,Как успешно пройти любой пентест (вредные советы)
https://habr.com/ru/company/ua-hosting/blog/489242/,"«Загляните, это нечто»: саморепликация искусственной ДНК"
https://habr.com/ru/company/piter/blog/489326/,Размышления об эффективном enterprise-тестировании
https://habr.com/ru/company/microsoft/blog/488572/,Unity Analyzers теперь Open-Source
https://habr.com/ru/post/488998/,Почему требования к ИИ объясниться могут только ухудшить ситуацию
https://habr.com/ru/company/playme/blog/489286/,"Трусы, носки и помазок: антирейтинг подарков на 23 Февраля"
https://habr.com/ru/post/489232/,Назад в будущее мобильных телефонов II
https://habr.com/ru/company/flant/blog/488920/,Определяем подходящий размер для кластера Kafka в Kubernetes
https://habr.com/ru/company/ibm/blog/489320/,Практика использования AI. Воркшоп «Анализ изображений дронов для выявления поврежденных домов»
https://habr.com/ru/post/489118/,Реверс-инжиниринг рендеринга «Ведьмака 3»: различные эффекты неба
https://habr.com/ru/post/489294/,Разбираемся с переменными в CSS на реальном примере
https://habr.com/ru/company/ibm/blog/489318/,Митап «DevOps масштабируемых систем»
https://habr.com/ru/post/489044/,Физика текста. Часть 1. Символы
https://habr.com/ru/post/489314/,"Четвертушка Ethernet-а: старая скорость, новые возможности"
https://habr.com/ru/post/489020/,Исследование одного вредоноса
https://habr.com/ru/company/JetBrains-education/blog/489304/,Анализ данных ChIP-seq: от гистонов к информатическим задачам
https://habr.com/ru/post/489306/,[Habr]: Донаты
https://habr.com/ru/post/489298/,Неформальное интервью с Марией Долгушевой (HR из Кремниевой Долины)
https://habr.com/ru/post/489296/,Функциональные опции на стероидах
https://habr.com/ru/company/ua-hosting/blog/488816/,"Как мы потеряли «Мир»: пожар на космической станции, столкновение с грузовиком «Прогресс», разгерметизация"
https://habr.com/ru/company/mailru/blog/489270/,WebAuthn в реальной жизни
https://habr.com/ru/post/489136/,Побеждая C двадцатью строками Haskell: пишем свой wc
https://habr.com/ru/company/actualizebot/blog/489008/,Роутинг в комплексных чат-ботах с Hobot framework
https://habr.com/ru/post/489284/,Мои любимые инструменты разработчика Chrome
https://habr.com/ru/post/489132/,Самое интересное с Integrated Systems Europe 2020
https://habr.com/ru/post/489282/,DirectX 12 — от Леонардо да Винчи к современному искусству
https://habr.com/ru/company/otus/blog/489280/,Пинг всех узлов IPv6 на канале
https://habr.com/ru/company/lifext/blog/489276/,"Анализ крови на железо — как контролировать уровень, диагностирование причин, почему это важно"
https://habr.com/ru/company/otus/blog/489274/,Assert-сообщения в тестах
https://habr.com/ru/company/pult/blog/489272/,"Глаза, мозг, качество видео: размышления о 120fps, 8K, HDR, палочках, колбочках и «эффекте мыльной оперы»"
https://habr.com/ru/company/dodopizzadev/blog/489218/,Наивно. Супер: код и архитектура простой игры
https://habr.com/ru/post/489268/,Реализация процесса выгрузки файла из контейнера с браузером в тестовый фреймворк
https://habr.com/ru/post/489226/,Методы оптимизации LINQ-запросов в C#.NET
https://habr.com/ru/company/otus/blog/489262/,Почему непросто давать разработчикам свободу выбора
https://habr.com/ru/post/489260/,Как за семь шагов спроектировать масштабную автоматизированную систему для крупного предприятия
https://habr.com/ru/company/otus/blog/489258/,Как в Python реализованы очень длинные числа типа integer?
https://habr.com/ru/company/phoenix_contact/blog/489256/,Системы автоматизации на основе Foundation Fieldbus
https://habr.com/ru/post/489252/,История Telegram: от идеи до собственной криптовалюты
https://habr.com/ru/post/489254/,Яндекс помогает распространять вредоносное ПО?
https://habr.com/ru/company/zabbix/blog/489244/,Разработка плагинов для Zabbix Agent 2
https://habr.com/ru/company/avito/blog/488716/,"Материалы с казанского митапа по фронтенду: Phoenix LiveView, фронтопс, JSON:API"
https://habr.com/ru/post/489246/,Мне 14 и я решил разработать игру
https://habr.com/ru/company/JetBrains/blog/489156/,Кто умнее чем IDEA?
https://habr.com/ru/post/489236/,Spring: в поисках контекста
https://habr.com/ru/company/it_people/blog/489240/,Особенности региональных конференций. Зачем спикеру выезжать за МКАД?
https://habr.com/ru/company/epam_systems/blog/489198/,"Как не выстрелить себе в ногу, используя Liquibase"
https://habr.com/ru/company/hflabs/blog/489074/,Как определить оператора и регион по номеру телефона
https://habr.com/ru/company/tinkoff/blog/489230/,Что такое производительность веб-приложений?
https://habr.com/ru/post/489228/,Речевой бот в банке — худший UX ever
https://habr.com/ru/company/ruvds/blog/489208/,Виртуальный сервер для онлайн-трейдинга
https://habr.com/ru/post/489212/,1С-Битрикс препятствует отписке от рассылки требованием сдать свои персональные данные
https://habr.com/ru/post/489182/,varchar(max)-varchar(max) и в продакшн
https://habr.com/ru/post/489200/,Какие стартапы ищет Y Combinator в 2020 году
https://habr.com/ru/company/ruvds/blog/488660/,Пришло ли время забыть о React и перейти на Svelte?
https://habr.com/ru/company/mailru/blog/488192/,Устройство Helm и его подводные камни
https://habr.com/ru/post/489196/,Волшебный дым: микроконтроллеры против линейных регуляторов
https://habr.com/ru/company/redhatrussia/blog/489194/,Как OpenShift меняет организационную структуру ИТ-организации. Эволюция организационных моделей при переходе на PaaS
https://habr.com/ru/company/mkb/blog/488904/,Применение статического анализатора кода SwiftLint в iOS мобильных приложениях банка
https://habr.com/ru/company/smartengines/blog/489192/,Smart Engines вошёл в тройку лидеров в рейтинге FWCI среди базовых организаций Физтеха
https://habr.com/ru/company/top3dshop/blog/489184/,Fast Forward: 3D-технологии в дизайне и производстве
https://habr.com/ru/company/cloud4y/blog/488642/,"Паутина на дне стакана, или что объединяет американский виски и науку"
https://habr.com/ru/company/dcmiran/blog/489190/,Исследование RedHat: open source вытесняет проприетарное ПО из корпоративного сегмента
https://habr.com/ru/post/489188/,Логирование в микросервисной среде .Net на практике
https://habr.com/ru/post/489108/,Добавление своих полей в отчет Pytest
https://habr.com/ru/company/yandex/blog/488428/,Как мы предсказываем будущее в поиске Яндекса: от исправления ошибок до discovery-запросов
https://habr.com/ru/company/ntc-vulkan/blog/489186/,TDD для микроконтроллеров. Часть 3: Запуск на железе
https://habr.com/ru/post/489160/,Результаты исследования откликов на вакансию дизайнера цифрового продукта. Часть первая — результаты и статистика
https://habr.com/ru/company/dodopizzadev/blog/488246/,VoiceOver на iOS: каждый контрол ведёт себя по-разному
https://habr.com/ru/post/489178/,GSMout – приём SMS и звонков «как дома»
https://habr.com/ru/post/483738/,Микропост: режем UNICODE-строки для PostgreSQL
https://habr.com/ru/post/489172/,Прикручиваем ActiveDirectory авторизацию к Kubernetes c помощью Keycloak
https://habr.com/ru/company/sberbank/blog/489158/,"Sber.DS — платформа, которая позволяет создавать и внедрять модели даже без кода"
https://habr.com/ru/company/microsoft/blog/488566/,"Как QA-инженер сэкономил целый день работы, связав автотесты в Visual Studio и Test IT"
https://habr.com/ru/post/489004/,Сотовый телефон с дисковым номеронабирателем
https://habr.com/ru/post/489134/,Исследование дизайн-команд в российских продуктовых компаниях
https://habr.com/ru/post/488608/,«СЛАВА ЖПСС!» или вспоминаем про GPSS World
https://habr.com/ru/company/alconost/blog/489128/,Интернационализация: как вывести продукт на международный рынок (и не сойти с ума)
https://habr.com/ru/company/intel/blog/488812/,"Больше SoC, хороших и разных. Intel открывает AIB для разработчиков и производителей"
https://habr.com/ru/company/tssolution/blog/488854/,10. Fortinet Getting Started v6.0. Сопровождение
https://habr.com/ru/company/nixys/blog/489164/,Обновление Kubernetes-кластера без простоя
https://habr.com/ru/post/489162/,Менеджер-передаст
https://habr.com/ru/post/489142/,Лекции со школы по биоинформатике от А до Я
https://habr.com/ru/post/489152/,Петербург против Парижа: как музеи пополняют и как уменьшают общественное достояние
https://habr.com/ru/post/489146/,802.11ba (WUR) или как скрестить ужа с ежом
https://habr.com/ru/post/488810/,Оживляем гексапода. Часть первая
https://habr.com/ru/post/489126/,История одного программиста с биполярным расстройством
https://habr.com/ru/post/489086/,RabbitMQ. Часть 2. Разбираемся с Exchanges
https://habr.com/ru/post/489120/,Роботы и люди. Что говорит наука о готовности людей получать услуги у роботов
https://habr.com/ru/post/489106/,Как я бросил журналистику и стал программистом
https://habr.com/ru/post/489100/,Анализ данных по коронавирусу SARS-CoV-2 (2019-nCov)
https://habr.com/ru/company/madrobots/blog/489070/,Это будет стоить 354 пары носков. Подборка подарков на 23 февраля
https://habr.com/ru/company/vdsina/blog/489092/,Как я самостоятельно выучил новый язык за 12 месяцев: тотальный гайд
https://habr.com/ru/post/485616/,Добавляем статические файлы вне проекта ангуляр
https://habr.com/ru/post/489082/,Нейросети в трейдинге. Рано хоронить
https://habr.com/ru/company/otus/blog/489080/,"Укрепите свои agile-команды, используя стадии развития Такмена"
https://habr.com/ru/company/leader-id/blog/489000/,Как собрать крутой митап: 16 советов от трех «серийных митаперов». Leader-IT events #1
https://habr.com/ru/post/489076/,Имитационная модель процесса обработки материала резанием на токарном станке с ЧПУ
https://habr.com/ru/post/489072/,Преимущества 3СХ при построении распределенной сети
https://habr.com/ru/post/489068/,Цифровое бессмертие — инженерный подход
https://habr.com/ru/company/otus/blog/489062/,Невероятная производительность ввода-вывода с параллельным Apache Parquet на Python
https://habr.com/ru/post/489042/,Торжественное переоткрытие Store: загрузка данных в Android с помощью корутин
https://habr.com/ru/company/ru_mts/blog/488828/,"Спам, спам, спам…"
https://habr.com/ru/company/iticapital/blog/489060/,Разбор: чем отличаются высокорисковые и низкорисковые инвестиции
https://habr.com/ru/post/489058/,Ансамбли нейронных сетей с PyTorch и Sklearn
https://habr.com/ru/company/Voximplant/blog/489040/,Contact Center AI: третий участник в разговоре – это нормально
https://habr.com/ru/post/488784/,Коммерциализация доработок свободного ПО под Copyleft лицензиями
https://habr.com/ru/post/489046/,Self-driving ГАЗ66 Monster Truck 1/16
https://habr.com/ru/company/kksng/blog/488942/,"Артефакты для UX-ёров и команды: что это, зачем нужны и как выбрать"
https://habr.com/ru/company/piter/blog/489038/,Книга «Java Concurrency на практике»
https://habr.com/ru/post/489034/,"Новое приложение ЕИС для мобильных – мучение или спасение для тех, кто ищет госзакупки?"
https://habr.com/ru/post/488968/,Простое обнаружение проблем производительности в PostgreSQL
https://habr.com/ru/company/jugru/blog/481096/,Топ лучших докладов Joker 2019
https://habr.com/ru/company/skyeng/blog/489010/,"Делимся самым большим в РФ пластом данных по онлайн-обучению с проектами по лингвистике, персонализации, педдизайну, ML"
https://habr.com/ru/company/flant/blog/480722/,Одна история с оператором Redis в K8s и мини-обзор утилит для анализа данных этой БД
https://habr.com/ru/post/489028/,Про удаленную работу
https://habr.com/ru/company/itsumma/blog/489026/,Изменение алгоритмов Google AdSense может привести к вымогательству у владельцев сайтов и веб-мастеров
https://habr.com/ru/post/489024/,JavaScript библиотека Webix глазами новичка. Часть 5. Работа с данными на стороне пользователя
https://habr.com/ru/post/488958/,Расшифровка моего интервью с автором Ruby
https://habr.com/ru/company/ibs/blog/488972/,16 тысяч подключений в секунду: как мы тестировали СКАЛУ-Р Виртуальное Рабочее Место
https://habr.com/ru/post/488996/,INVESTMENT-READY
https://habr.com/ru/company/misis/blog/489016/,"Герман Греф: «Мы пытались организовать дискуссию по поводу AGI, и ни один уважающий себя ученый на нее не приходил»"
https://habr.com/ru/company/otus/blog/489012/,"Google Cloud Spanner: хороший, плохой, злой"
https://habr.com/ru/company/habr_career/blog/488986/,Кто такой наставник и какими гибкими навыками он должен обладать
https://habr.com/ru/company/ruvds/blog/488662/,"Браузерные расширения, необходимые каждому веб-разработчику"
https://habr.com/ru/post/489002/,Распределенный реестр для колесных пар: опыт с Hyperledger Fabric
https://habr.com/ru/post/488994/,DDR5? Да мы и с DDR4-то едва познакомились
https://habr.com/ru/post/488898/,Наём сотрудников никуда не годится. И ваш тоже
https://habr.com/ru/post/488990/,"Обзор полнолицевой маски UNIX 5100, фильтров к ней, сравнение с моделями UNIX 5000, 6100 и маской ППМ-88"
https://habr.com/ru/company/lamoda/blog/488186/,Мой путь QA инженера: через выгорание к тестированию в кайф
https://habr.com/ru/company/vivaldi/blog/488980/,"Жесты, которые радуют"
https://habr.com/ru/company/dins/blog/488976/,"Приглашаем на DINS DevOps EVENING: разберем два примера инфраструктуры и поговорим, как облегчить поддержку"
https://habr.com/ru/company/lanit/blog/488974/,Как организовать работу с дистрибуторской сетью: приглашаем на вебинар
https://habr.com/ru/company/avito/blog/488936/,"Молчание вентиляторов. Google Colab, Javascript и TensorflowJS"
https://habr.com/ru/post/487680/,Полный разбор экзамена ШАД-2019
https://habr.com/ru/company/pm/blog/488826/,Распознаем повышение привилегий в ABBYY FineReader
https://habr.com/ru/company/lenovo/blog/488888/,Ноутбук ThinkPad стал «мозгом» робота
https://habr.com/ru/company/promopult/blog/488700/,"Внедрили микроразметку, а расширенных сниппетов нет: 10 возможных причин"
https://habr.com/ru/company/ua-hosting/blog/488842/,"Поймать электрон: наблюдение процесса, занимающего квинтиллионную долю секунды"
https://habr.com/ru/post/488640/,Open Source Guides: Запуск проекта с открытым исходником
https://habr.com/ru/post/488966/,"Ansible playbooks — это код: проверяем, тестируем, непрерывно интегрируем. Иван Пономарёв"
https://habr.com/ru/post/488964/,Срочные задачи. Да придёт Спаситель
https://habr.com/ru/company/microsoft/blog/488926/,5 бесплатных курсов для ИИ-инженеров от Microsoft
https://habr.com/ru/company/yandex/blog/488588/,C++20 утверждён! Чего ждать и к чему готовиться разработчикам в C++23
https://habr.com/ru/post/488786/,Насколько детальной должна быть User Story?
https://habr.com/ru/post/488962/,Можно ли писать скрипты на C++?
https://habr.com/ru/post/488960/,"Программирование, иммунитет и армия"
https://habr.com/ru/company/tensor/blog/488104/,DBA: находим бесполезные индексы
https://habr.com/ru/company/recognitor/blog/488954/,Как объяснить роботу свою точку зрения
https://habr.com/ru/post/488652/,"История симлиша — языка, определившего судьбу серии игр Sims"
https://habr.com/ru/post/488950/,Время в клеточном автомате
https://habr.com/ru/post/488794/,Golang + Phaser3 = MMORPG — Клиент и Сервер
https://habr.com/ru/post/488948/,Тестирование REST API на Golang. 56000 [#/sec] не предел?
https://habr.com/ru/post/488946/,Меню консольных команд на python
https://habr.com/ru/post/488944/,Как коронавирус действует на акции биотеха
https://habr.com/ru/company/ua-hosting/blog/424055/,Хостинг и выделенные серверы: отвечаем на вопросы. Часть 1
https://habr.com/ru/company/russian_rehab_industry/blog/488930/,Не включается компьютер? Техническая поддержка для инвалидов по зрению и слуху поможет удалённо
https://habr.com/ru/company/dodopizzadev/blog/488918/,Data Engineer or die: история одного разработчика
https://habr.com/ru/post/488928/,Почему «погугли сам» — не наш метод и как мы прокачиваем Базу знаний для техподдержки
https://habr.com/ru/company/google/blog/488886/,2019-й по версии Chrome
https://habr.com/ru/company/microsoft/blog/488484/,SQL Launch — мероприятие Microsoft SQL Server 2019
https://habr.com/ru/company/piter/blog/488910/,Книга «Любовь и математика. Сердце скрытой реальности»
https://habr.com/ru/post/487358/,"BERT, ELMO и Ко в картинках (как в NLP пришло трансферное обучение)"
https://habr.com/ru/company/otus/blog/488912/,Предсказание стоимости биткоина по новостям на Python
https://habr.com/ru/post/488908/,KPI копирайтера или особенности оценки работы удаленных авторов в штате и фрилансеров
https://habr.com/ru/company/varonis/blog/488896/,Выкупать — так королеву: Varonis расследует быстро распространяющийся шифровальщик-вымогатель “SaveTheQueen”
https://habr.com/ru/company/jugru/blog/488868/,Анонс Mobius 2020 Piter: что волнует мобильных разработчиков?
https://habr.com/ru/company/englishdom/blog/488768/,"Bloody hell, или Как ругаться на английском, чтобы тебя приняли за культурного человека"
https://habr.com/ru/company/otus/blog/488890/,5 советов по стратегии рекрутинга через социальные сети
https://habr.com/ru/company/misis/blog/488884/,Станет ли 3D-принтер моей персональной фабрикой на балконе?
https://habr.com/ru/company/habr/blog/483212/,"Хабр Викли #39 / Гаджет-шоу MWC закрыли, как стать разрабом в 14 лет, эмоционально про опенспейсы и патент на цвет"
https://habr.com/ru/company/it_people/blog/488880/,Секция DevOps на конференции DUMP2020. Порадуемся / поплачем вместе
https://habr.com/ru/company/regionsoft/blog/488856/,"Ну CRM и CRM. Всё проще, чем вы думаете"
https://habr.com/ru/company/hh/blog/488742/,"Видишь архитектуру? И я не вижу, а она есть"
https://habr.com/ru/post/488876/,Исследование и преобразование сортировкой псевдослучайных последовательностей
https://habr.com/ru/post/488872/,Вебинар «Цифровой двойник в IIoT»
https://habr.com/ru/company/avito/blog/488658/,Использование faiss для поиска по многомерным пространствам
https://habr.com/ru/company/otus/blog/488866/,Проверка образов с помощью Gitlab CI/CD
https://habr.com/ru/company/ruvds/blog/487878/,"5 вопросов по SQL, которые часто задают дата-сайентистам на собеседованиях"
https://habr.com/ru/post/488860/,Импортозамещение и судостроение
https://habr.com/ru/company/ods/blog/488852/,Настройка функции потерь для нейронной сети на данных сейсморазведки
https://habr.com/ru/post/488436/,Быстрое создание чиптюн-музыки на открытом ПО
https://habr.com/ru/post/488850/,Использование RabbitMQ вместе с MonsterMQ часть 1
https://habr.com/ru/company/redmadrobot/blog/488848/,CTO всея стартапа
https://habr.com/ru/company/1cloud/blog/488844/,Границы для пограничников: суд США установил правила для проверки устройств — обсуждаем ситуацию
https://habr.com/ru/company/ruvds/blog/488664/,Поиск идеального набора инструментов: анализ популярных шаблонов Python-проектов
https://habr.com/ru/company/alfa/blog/488840/,"4 марта, Екатеринбург — Java MeetUP"
https://habr.com/ru/company/oleg-bunin/blog/480628/,"Что мы узнали о SRE, когда обработали первые 150 тысяч продакшн-инцидентов"
https://habr.com/ru/post/488096/,400G. Вгляд со стороны Transmission. ZR/ZR+
https://habr.com/ru/company/zyxel/blog/488736/,Удалённая работа набирает обороты
https://habr.com/ru/company/yandex/blog/488682/,Как проверить навыки программирования на Python? Задачи от Яндекса
https://habr.com/ru/post/488830/,"Интернет в Туркменистане: цена, доступность и ограничения"
https://habr.com/ru/post/488836/,Некоторые аспекты работы с Dictionary при разработке нагруженных приложений
https://habr.com/ru/post/488834/,Как ошибка из 2009 вызывает конфликт Docker for Windows и Razer Synapse
https://habr.com/ru/company/dcmiran/blog/488832/,"Удивительно, но в прошлом году корпоративные HDD оказались популярнее SSD и их продажи растут"
https://habr.com/ru/company/rostelecom/blog/488696/,Возглавляя тренды
https://habr.com/ru/company/ascon/blog/488726/,"Интервью с инженером НИПТБ «Онега» — победителем WorldSkills Hi-Tech о работе, чемпионате и САПР"
https://habr.com/ru/company/lanit/blog/487944/,"Машинное обучение в энергетике, или не только лишь все могут смотреть в завтрашний день"
https://habr.com/ru/post/488610/,"История человека, чувствительного к электромагнитному излучению, или как мы щупаем край обрыва… UPD: +FAQ"
https://habr.com/ru/company/raiffeisenbank/blog/488824/,DGTL Design Community Meetup в Райффайзенбанке: трансляция
https://habr.com/ru/company/southbridge/blog/488800/,Agile: 9 вредных советов
https://habr.com/ru/company/cloud4y/blog/487360/,Обезличивание данных не гарантирует вашу полную анонимность
https://habr.com/ru/post/488594/,Пандас и другие для толстых данных
https://habr.com/ru/company/productsense/blog/488820/,"Как не выгореть на работе и что делать, если всё-таки выгорел"
https://habr.com/ru/company/mipt/blog/488818/,Прорывы #DeepPavlov в 2019 году: обзор и итоги года
https://habr.com/ru/company/microsoft/blog/487612/,"Легко добавляйте, удаляйте и переименовывайте файлы и цели в проектах CMake"
https://habr.com/ru/post/488780/,"Mozilla проиграла в войне браузеров, но всё ещё считает, что может спасти интернет"
https://habr.com/ru/post/488814/,Forge of Empires из AS3 в Haxe. Постмортем
https://habr.com/ru/company/pvs-studio/blog/488670/,О масочных регистрах
https://habr.com/ru/post/488030/,Как организовать скины в Symfony
https://habr.com/ru/company/leroy_merlin/blog/488648/,Опыт интеграции веб-компонентов на сайт Леруа Мерлен
https://habr.com/ru/company/tssolution/blog/488712/,Check Point WatchTower — управляем NGFW со смартфона
https://habr.com/ru/company/tssolution/blog/488686/,Применение Flowmon Networks для контроля производительности распределенных приложений и баз данных
https://habr.com/ru/post/488808/,"Программисты, давайте изучать исходники классических программ"
https://habr.com/ru/post/488570/,Как Секретная служба США перепутала киберпанк-RPG с учебником для хакеров
https://habr.com/ru/post/488806/,"Это не конструктивно, или Ты как челобитную царю подаешь?"
https://habr.com/ru/post/488796/,Учимся разворачивать микросервисы. Часть 2. Kubernetes
https://habr.com/ru/post/488792/,Мониторинг доступности сайта в России на коленке
https://habr.com/ru/post/488520/,Ляпы и загогулины. 2
https://habr.com/ru/post/488782/,А как вам такой вариант управления зависимостями в Python?
https://habr.com/ru/post/488626/,Как не пропустить невалидный код в репозиторий
https://habr.com/ru/post/488778/,"Структуры данных: список, который умеет всё*"
https://habr.com/ru/post/488144/,Руководство по версиям и возможностям Java
https://habr.com/ru/company/top3dshop/blog/488766/,Искусство и технология: Университет Массачусетса в Лоуэлле
https://habr.com/ru/company/top3dshop/blog/488732/,Талантливый мистер Саймон: как уникальные способности и 3D-печать могут изменить производственный процесс
https://habr.com/ru/post/488762/,Элегантное асинхронное программирование с помощью «обещаний»
https://habr.com/ru/company/ua-hosting/blog/488758/,Конференция DEFCON 27. Признание интернет-мошенницы
https://habr.com/ru/company/it-grad/blog/488750/,Прогулка с динозаврами: два больших компьютера XX века
https://habr.com/ru/post/488752/,Golang + Phaser3 = MMORPG — Делаем базу для бесконечной генерации мира
https://habr.com/ru/company/otus/blog/488748/,Создаем Todo приложение c помощью Django. Часть 1
https://habr.com/ru/post/488740/,Гайд по Custom HTML тегам для Google Tag Manager от Simo Ahava
https://habr.com/ru/company/ivideon/blog/488698/,Контроль доступа как услуга: облачное видеонаблюдение в СКУД
https://habr.com/ru/post/488478/,Перенос всех баз данных MS SQL Server на другую машину
https://habr.com/ru/post/488730/,"Новые российские стандарты интернета вещей, умного производства и умного города"
https://habr.com/ru/company/tinkoff/blog/488692/,Как мигрировать большой процесс с IBM BPM на Camunda и не останавливать разработку фич
https://habr.com/ru/company/trendmicro/blog/488728/,"Два способа взвинтить цену на нефть, или Атаки на нефтегаз как средство влияния на биржевые индексы"
https://habr.com/ru/company/otus/blog/488724/,6 лучших практик безопасности для Go
https://habr.com/ru/company/kaspersky/blog/488722/,Security Week 08: вирусы возвращаются
https://habr.com/ru/post/488720/,Web Scraping. Часть 1
https://habr.com/ru/company/otus/blog/488708/,Сохранение логики фильтрации в Swift Combine. Часть 2
https://habr.com/ru/post/488706/,2DOOM — браузерный 2D-трибьют легендарному шутеру
https://habr.com/ru/post/488690/,Распознавание символов методом наименьшего расстояния Левенштейна
https://habr.com/ru/company/postgrespro/blog/472082/,Postgresso 18
https://habr.com/ru/company/zimbra/blog/488680/,Защита списков рассылки от спама в Zimbra OSE
https://habr.com/ru/company/ruvds/blog/488668/,Создание CI/CD-цепочки и автоматизация работы с Docker
https://habr.com/ru/post/488672/,Отладка микроконтроллеров ARM Cortex-M по UART
https://habr.com/ru/company/sberbank/blog/488612/,Java-сериализация: максимум скорости без жёсткой структуры данных
https://habr.com/ru/post/488656/,Гонки космических шпионов
https://habr.com/ru/company/yamoney/blog/488376/,"Когда принцип «к чёрту всё, бери и делай!» не работает: заметки прокрастинатора"
https://habr.com/ru/post/488654/,"RabbitMQ. Часть 1. Introduction. Erlang, AMQP"
https://habr.com/ru/company/ds/blog/488356/,Обучение в Санкт-Петербургском Государственном Морском Техническом Университете продуктам Dassault Systèmes
https://habr.com/ru/post/488646/,«Красная» корпоративная культура — главная проблема российского бизнеса. (Часть 4)
https://habr.com/ru/post/488644/,Go vs Python. Виталий Левченко
https://habr.com/ru/post/488630/,Digital-мероприятия в Москве c 17 по 23 февраля
https://habr.com/ru/post/488632/,Digital-мероприятия в Санкт-Петербурге c 17 по 23 февраля
https://habr.com/ru/company/tuturu/blog/488584/,"Что вы захотите знать до того, как писать приложение под Apple Watch: наш опыт"
https://habr.com/ru/post/488638/,Безопасная загрузка в i.MX6
https://habr.com/ru/post/488280/,Как при помощи большого монитора и консольной утилиты WLSDM смотреть за Oracle WebLogic Server
https://habr.com/ru/company/epson/blog/488316/,"Epson EH-TW7100 – 4K HDR-проектор и размышления о том, что делает проектор «HDR-ready» и «4K-ready», в принципе"
https://habr.com/ru/post/488446/,Российское приборостроение: вертели мы ваш дизайн на пальцах
https://habr.com/ru/post/488636/,"Как немец-хохотун лук (тот, что со стрелами) прокачал"
https://habr.com/ru/company/funcorp/blog/488458/,FunCode Backend Java/Kotlin Challenge: объявляем имена победителей
https://habr.com/ru/post/488624/,Экономика взаимопомощи
https://habr.com/ru/post/488336/,Советы по использованию алгоритма коллапса волновой функции
https://habr.com/ru/post/488622/,Чеклисты заменяют регламенты?
https://habr.com/ru/company/digital-ecosystems/blog/488618/,Дайджест интересных материалов для мобильного разработчика #333 (10 — 16 февраля)
https://habr.com/ru/post/488616/,Null проблема в Data Science и Machine Learning
https://habr.com/ru/post/484714/,Современная сборка 2020 для frontend. Gulp4
https://habr.com/ru/post/488614/,Бобина 3.0.0 — обзор улучшений
https://habr.com/ru/post/488602/,iOS MEETUP #2 от FUNCORP и Как разработчику оставаться актуальным
https://habr.com/ru/post/488606/,Подлинная сущность ящеролюдей
https://habr.com/ru/post/488604/,Дайджест свежих материалов из мира фронтенда за последнюю неделю №402 (10 — 16 февраля 2020)
https://habr.com/ru/post/488600/,Как провайдеры заботятся о безопасности клиентов
https://habr.com/ru/company/clrium/blog/488260/,Планирование потоков в Windows. Часть 1 из 4
https://habr.com/ru/post/488590/,FOSS News №3 — обзор новостей свободного и открытого ПО за 10-16 февраля 2020 года
https://habr.com/ru/post/488598/,Готов ли мир к пандемии?
https://habr.com/ru/company/madrobots/blog/488596/,Google разработал алгоритм автоматического кадрирования видео по важным объектам в кадре
https://habr.com/ru/post/488592/,Открытое письмо компании Mail.ru об игре «Аллоды II: Повелитель душ»
https://habr.com/ru/post/488574/,Студенты пишут Uart драйвер для STM32F411
https://habr.com/ru/post/488586/,The Ember Times — Выпуск 135
https://habr.com/ru/post/488504/,Подключаем производственный календарь в Zabbix
https://habr.com/ru/company/intel/blog/488582/,Создание демо-приложения «Умная библиотека» с помощью Intel Distribution of the OpenVINO toolkit
https://habr.com/ru/post/465507/,Принцип единственной ответственности: глубокое погружение
https://habr.com/ru/post/487176/,Задержать COVID-19. Все про фильтрацию воздуха на случай пандемии
https://habr.com/ru/post/488576/,Эко-движ по-армянски: как простой настенный календарь перерос в большую антипластиковую кампанию
https://habr.com/ru/post/488568/,Мечтают ли нейросети об электроденьгах?
https://habr.com/ru/company/1cloud/blog/488550/,Кто хочет сделать из ИТ-гигантов кооперативы
https://habr.com/ru/post/488544/,Снимаем покрытие кода с уже запущенного Node.JS приложения
https://habr.com/ru/post/488560/,Бесплатный хостинг Telegram-бота на Google Cloud Platform
https://habr.com/ru/post/488552/,"Apple, ФАС и разработчики родительского контроля"
https://habr.com/ru/post/488548/,Эксперимент: как научиться создавать популярные тексты на английском (и почему англоязычный Хабр так мало читают)
https://habr.com/ru/company/audiomania/blog/488438/,История пленочных аудиоформатов: немецкий ответ компакт-кассетам — как сложилась судьба разработки
https://habr.com/ru/post/488546/,Hack The Box. Прохождение JSON. Уязвимость в Json.Net и LPE через SeImpersonatePrivilege
https://habr.com/ru/post/488540/,Пушка Гаусса
https://habr.com/ru/post/488516/,Исчерпывающий путеводитель по тегу iframe
https://habr.com/ru/company/spbifmo/blog/488498/,"Лаборатории Университета ИТМО: светодиодная светотехника, СВЧ оптоэлектроника и оптические телекоммуникации"
https://habr.com/ru/company/ua-hosting/blog/488536/,"Хорошо подумайте, прежде чем использовать Docker-in-Docker для CI или тестовой среды"
https://habr.com/ru/post/488464/,Webpack 5 — Asset Modules
https://habr.com/ru/post/488534/,Экспресс UV лампа своими руками 400-405 нм для полимеризации 3D фотополимерных моделей
https://habr.com/ru/post/488530/,Что такое реактивность?
https://habr.com/ru/post/488528/,Использование механизмов криптографических токенов PKCS#11 на платформе Android
https://habr.com/ru/post/488514/,Android Remote Debugger — удаленная отладка Android приложений
https://habr.com/ru/company/iticapital/blog/488492/,Tesla выпустит новых акций на $2 млрд
https://habr.com/ru/post/488490/,Ликбез по респираторам. Помогает ли респиратор от заражения вирусом. Обзор 11 респираторов
https://habr.com/ru/post/488488/,За OpenBSD. Немного восторга
https://habr.com/ru/company/audiomania/blog/488472/,Чтение на выходные: 10 материалов про аудиогаджеты — от советских автомагнитол до вилки с шумоподавлением
https://habr.com/ru/post/488482/,Почем Appium для народа
https://habr.com/ru/post/488476/,Ламповая катушка Теслы
https://habr.com/ru/post/488474/,"Про цвет, звук и «толпоисследование» как отдельный вид прекрасного"
https://habr.com/ru/company/ua-hosting/blog/488470/,"Ким Дотком: пойманный в сеть, самый разыскиваемый человек онлайн. Часть 4"
https://habr.com/ru/post/488468/,Знакомство с FastAPI
https://habr.com/ru/company/dell_emc/blog/488352/,Сравнение стоимости VDI: локальное решение против публичного облака
https://habr.com/ru/post/488460/,Как в ЦРУ десятилетиями читали зашифрованную переписку союзников и противников
https://habr.com/ru/post/488240/,"Бесконечный цикл, которого не было: история бага Святого Грааля"
https://habr.com/ru/post/488462/,The Ember Times — Выпуск 134
https://habr.com/ru/post/488456/,Проектная деятельность в университетах и какую пользу она даёт
https://habr.com/ru/company/pult/blog/488452/,Dyson и наушники-воздухоочистители против коронавируса: компания патентует неожиданный концепт
https://habr.com/ru/post/488450/,Как устроено новое поколение онлайн-банков
https://habr.com/ru/company/spbifmo/blog/488448/,"Прокачаться в Университете ИТМО: наши мастер-классы, воркшопы, лекции и студенческие конкурсы"
https://habr.com/ru/post/488440/,Повелители DOOM: как два парня создали культовый шутер и раскачали индустрию видеоигр
https://habr.com/ru/post/488432/,"Snoop Project невероятный инструмент интернет разведки, которого пользователи рунета ждали так долго — доступен"
https://habr.com/ru/post/487926/,В поисках физкультуры
https://habr.com/ru/company/it-guild/blog/488424/,Что будет с ITSM в 2020 году?
https://habr.com/ru/company/odin_ingram_micro/blog/488422/,"10 строк кода, которые уменьшат боль от вашего проекта на Vue"
https://habr.com/ru/company/englishdom/blog/488330/,Английский с Джорджем Карлином: разбираем гениальный стендап про фразеологизмы
https://habr.com/ru/post/488390/,Как подружить Telegram-бот с OpenId Connect
https://habr.com/ru/company/otus/blog/488418/,Аутентификация REST API с помощью Spring Security и MongoDB
https://habr.com/ru/post/472030/,Модель натурального ряда чисел. Столбцы с суммами квадратов
https://habr.com/ru/post/488412/,Создание бота Дискорд на основе discord.js
https://habr.com/ru/company/plarium/blog/488410/,"7 уроков, которые я усвоил за десять лет в разработке"
https://habr.com/ru/post/488408/,IoT шлюз Ethernet-RS485 на базе STM32
https://habr.com/ru/company/flant/blog/484808/,10 лет on-call. Чему мы научились? (обзор и видео доклада)
https://habr.com/ru/company/alconost/blog/488404/,"Игры, которые стоит ждать в 2020 году"
https://habr.com/ru/company/vdsina/blog/488406/,IPv6 — вы делаете это неправильно
https://habr.com/ru/company/exness/blog/488392/,Production-ready images for k8s
https://habr.com/ru/post/488388/,Релогин и HTTP Basic Auth
https://habr.com/ru/post/488064/,"Семь причин, почему Линукс"
https://habr.com/ru/company/cisco/blog/488386/,Кейсы для применения средств анализа сетевых аномалий: атаки через плагины браузеров
https://habr.com/ru/post/488382/,"Я добавляю 3-25 секунд задержки сайтам, которые посещаю"
https://habr.com/ru/company/it_people/blog/488208/,"Юбилейный DUMP2020 — 4 дня, которые вы не забудете"
https://habr.com/ru/post/488380/,Наилегчайший старт в STM через «одно место»
https://habr.com/ru/post/488378/,Кратко о нейминге в JS
https://habr.com/ru/company/badoo/blog/487914/,Оффер в Лондон за один день: как его получить и чем заняться после переезда
https://habr.com/ru/post/488374/,Телеграм + 1С + Вебхуки + Апач + Самоподписанный сертификат
https://habr.com/ru/company/ntc-vulkan/blog/488370/,TDD для микроконтроллеров. Часть 2: Как шпионы избавляют от зависимостей
https://habr.com/ru/company/jetinfosystems/blog/488360/,Мифы о больших данных и цифровая культура
https://habr.com/ru/company/digital-ecosystems/blog/488368/,"Чему я научился, пока работал над своим первым масштабным проектом"
https://habr.com/ru/post/488366/,"И снова об «Incorrect time zone information for Russian time zones » [.Net bug, ID: 693286]"
https://habr.com/ru/company/hsespb/blog/488338/,"Стажировки в Google: Цюрих, Лондон и Кремниевая долина"
https://habr.com/ru/company/piter/blog/488362/,Классификация с многими метками
https://habr.com/ru/company/ruvds/blog/488342/,"Random Forest, метод главных компонент и оптимизация гиперпараметров: пример решения задачи классификации на Python"
https://habr.com/ru/company/dins/blog/488302/,Чего ждать от Java в 2020 году?
https://habr.com/ru/company/ruvds/blog/488340/,Профессия: бэкенд-разработчик
https://habr.com/ru/company/southbridge/blog/488348/,Вебинар «Десять главных трудностей Agile и способы их преодоления за час» 17 февраля в 20:00 по Москве
https://habr.com/ru/post/488346/,Установка or-tools с SCIP и GLPK в виртуальное окружение Python 3.7 на Linux
https://habr.com/ru/company/odnoklassniki/blog/488232/,ок.tech: QATOK #2
https://habr.com/ru/company/pvs-studio/blog/488332/,"Ноль, один, два, Фредди заберёт тебя"
https://habr.com/ru/company/parallels/blog/488326/,Любовь или увольнение
https://habr.com/ru/company/top3dshop/blog/488252/,Как удешевить разработку новых продуктов с помощью SLS
https://habr.com/ru/post/488324/,Консоль-призрак. Panasonic M2
https://habr.com/ru/company/vivaldi/blog/488322/,Работа жестами
https://habr.com/ru/company/mailru/blog/486098/,Как технический долг убивает ваши проекты
https://habr.com/ru/company/avanpost/blog/488320/,Deadlock Empire — игра для разработчиков
https://habr.com/ru/company/ua-hosting/blog/488122/,"Компактный дистиллятор за 1.5 доллара из аэрогеля, алюминия и бумажных полотенец"
https://habr.com/ru/company/dodopizzadev/blog/488288/,Ничего такого о культурном коде
https://habr.com/ru/company/medgadgets/blog/488308/,"Браслет, который Путин видел: Healbe Gobe — по-прежнему единственный гаджет, который считает входящие калории"
https://habr.com/ru/post/474908/,"Стрелочка поворачивается: поговорим об обобщениях, или зачем программисту математика"
https://habr.com/ru/company/microsoft/blog/487544/,Документация .NET: что новенького за январь
https://habr.com/ru/company/digdes/blog/488310/,Как мой челлендж перерос в челлендж команды
https://habr.com/ru/post/488102/,"Связь между C# и C#: REST, gRPC и все, что между"
https://habr.com/ru/post/488164/,Битва SEC против Telegram
https://habr.com/ru/post/487640/,Автоматизация тестирования при создании игр
https://habr.com/ru/post/487932/,Идеальные карты нормалей для Unity (и других программ)
https://habr.com/ru/post/488284/,Холст + любовь = сердце
https://habr.com/ru/post/488304/,Операционная Система «Сивелькирия»: технологии
https://habr.com/ru/post/488298/,Новости из мира OpenStreetMap № 498 (28.01.2020-03.02.2020)
https://habr.com/ru/post/488286/,Задержка EMS-отправления. Как получить компенсацию от «Почты России». Инструкция
https://habr.com/ru/company/dataart/blog/488274/,Николай Прохоров: «Американские гиганты за счет массовости подавили все новое»
https://habr.com/ru/company/lamptest/blog/488278/,Первые в мире серийные лампы с солнечным спектром
https://habr.com/ru/company/rosbank/blog/488264/,Горерадость корпоративного стартапинга
https://habr.com/ru/company/dins/blog/488270/,Приглашаем на SPb Scala Meetup 2020.1
https://habr.com/ru/company/dodopizzadev/blog/488042/,10/50/99: как давать обратную связь
https://habr.com/ru/post/488258/,"«Осторожно, ФАС!»: где попробовать похмельное меню, можно ли верить Трампу и как получить роль в фильме Тарантино"
https://habr.com/ru/company/oleg-bunin/blog/488196/,Android insets: разбираемся со страхами и готовимся к Android Q
https://habr.com/ru/company/selectel/blog/488230/,Введение в SSD. Часть 3. Форм-факторная
https://habr.com/ru/post/488256/,Самодельный рекуператор для загородного дома с КПД 80%
https://habr.com/ru/company/otus/blog/488254/,Модель распределения ответственности за безопасность БД в облаке
https://habr.com/ru/post/488152/,Прототип многопользовательской игры за 3 вечера?
https://habr.com/ru/post/488194/,Почему мы пишем программы такого низкого качества?
https://habr.com/ru/post/488250/,К вопросу о Linux (Л)
https://habr.com/ru/company/vdsina/blog/488244/,Как сократить накладные расходы при обработке исключений в С++
https://habr.com/ru/company/mvideo/blog/488228/,ТОП-10 мест и идей для гик-свидания на 14 февраля
https://habr.com/ru/company/habr_career/blog/488220/,Лучшие ИТ-работодатели России 2019: ежегодный рейтинг Хабр Карьеры
https://habr.com/ru/company/jugru/blog/487958/,Семь архетипов превращения по принципам DevOps
https://habr.com/ru/post/488234/,Использование QubesOS для работы с Windows 7
https://habr.com/ru/company/redmadrobot/blog/488210/,Распознавание объектов на android с помощью TensorFlow: от подготовки данных до запуска на устройстве
https://habr.com/ru/post/488224/,"Бывший главред TJ о письмах из ФСБ: будет история «Дуров 2.0», но хедлайнером станет Хабр"
https://habr.com/ru/company/pvs-studio/blog/488202/,PVS-Studio теперь в Chocolatey: проверка Chocolatey из-под Azure DevOps
https://habr.com/ru/company/avito/blog/488214/,"Материалы с казанского Go-митапа: разбор XML, gopls, drone.io и работа с миграциями"
https://habr.com/ru/company/playgendary/blog/488222/,Как я сделал игру для Блокнота
https://habr.com/ru/company/tensor/blog/488024/,"Фантастические advisory locks, и где они обитают"
https://habr.com/ru/post/488218/,Исповедь одного айтишника
https://habr.com/ru/post/488212/,"Отчет DORA State of DevOps 2019, теперь и на русском языке"
https://habr.com/ru/company/lamoda/blog/488062/,Dynamics 365 & Power Platform Meetup в Lamoda — отчет
https://habr.com/ru/company/acronis/blog/488182/,Программа-вымогатель Snake/EKANS нацелилась на промышленные системы управления
https://habr.com/ru/company/microsoft/blog/488108/,Лабораторная работа SAP HANA в Azure
https://habr.com/ru/company/ruvds/blog/488184/,Powered by ZeroTier. Практическое руководство по строительству виртуальных сетей. Часть 2
https://habr.com/ru/post/487948/,Двухфакторная аутентификация в OpenVPN с Telegram ботом
https://habr.com/ru/post/487884/,"5 вещей, которые я бы хотел знать до начала разработки биржи"
https://habr.com/ru/company/oleg-bunin/blog/488006/,На Moscow Python Conf++ приходите поговорить с разработчиками языка
https://habr.com/ru/post/487832/,Создание Minecraft за одну неделю на C++ и Vulkan
https://habr.com/ru/company/kaspersky/blog/488150/,Древности: ThinkPad X200 и закрытые исходники
https://habr.com/ru/company/ruvds/blog/487682/,7 рекомендаций по повышению надёжности JavaScript-кода
https://habr.com/ru/post/488190/,Еще раз про эмоциональное выгорание
https://habr.com/ru/company/misis/blog/488188/,Восстановление лесов после пожаров: Как наночастицы защищают микроклоны деревьев
https://habr.com/ru/post/488166/,"Обучение программированию 2019, или в поисках идеальной программы: Последовательность"
https://habr.com/ru/company/maxilect/blog/488172/,10 идей по воспитанию помехозащищенности
https://habr.com/ru/company/bizone/blog/488180/,Новый загрузчик Silence
https://habr.com/ru/post/488038/,Корзинка с сюрпризами — cпасти рядового Mercurial
https://habr.com/ru/post/487872/,Литье форм из жидкого силикона в домашних условиях
https://habr.com/ru/post/488146/,"[Дискуссия]: Инженеры ли айтишники, айтишники ли инженеры?"
https://habr.com/ru/company/barsgroup/blog/487894/,BarsUP.AM: как мы разрабатывали средство защиты информации web-приложений
https://habr.com/ru/company/alconost/blog/488140/,Как упростить жизнь с помощью закона Парето
https://habr.com/ru/company/parallels/blog/488162/,"Чем выше рейтинг, тем больше денег и наоборот"
https://habr.com/ru/company/dataline/blog/488160/,Windows Server 2019 vs. VMware Snapshots with quiescing: элегантное решение проблемы
https://habr.com/ru/company/southbridge/blog/487596/,"Евгений Варавва, разработчик в Google. Как описать Google в 5 словах"
https://habr.com/ru/post/488092/,Хакатоны. Как выжать максимум и выжить
https://habr.com/ru/post/488120/,Почему на Raspberry Pi4 стоит поставить 64-битную ОС
https://habr.com/ru/company/microsoft/blog/487548/,Новый эксперимент: Вызов сервисов .NET gRPC из браузера с gRPC-Web
https://habr.com/ru/post/488134/,Поднимаем CI на github для Android за день
https://habr.com/ru/company/tssolution/blog/488014/,9. Fortinet Getting Started v6.0. Логирование и отчетность
https://habr.com/ru/post/488154/,Влезаем в шкуру офис-менеджера. Основные алгоритмы снабжения
https://habr.com/ru/post/488116/,Пять важных уроков о балансе в играх
https://habr.com/ru/company/ua-hosting/blog/488148/,"HighLoad++, Михаил Райченко (ManyChat): почти без магии, или как просто раздать терабит видеопотока"
https://habr.com/ru/post/488142/,Задумчивая Авалония
https://habr.com/ru/post/488138/,Измерения малых ёмкостей (аналоговый ёмкостной датчик)
https://habr.com/ru/post/488136/,"Как робот Атлас научился делать акробатические трюки, непосильные обычному человеку?"
https://habr.com/ru/post/488128/,Льготные пакеты: что добавляется к зарплатам айтишников в Армении?
https://habr.com/ru/post/488118/,Зимний отчет о состоянии Haxe
https://habr.com/ru/company/mailru/blog/488078/,Мой бот для Russian AI Cup 2019
https://habr.com/ru/post/488112/,Понимание итераторов в Python
https://habr.com/ru/company/raiffeisenbank/blog/486828/,"Дайджест продуктового дизайна, январь 2020"
https://habr.com/ru/company/readyforsky/blog/487786/,Сколько свободы нужно пользователю умной духовки. Как сильная команда может проверить гипотезы за две недели вместо трех
https://habr.com/ru/company/habr/blog/488088/,Как Хабр взаимодействует с госорганами и другими заявителями. Transparency report за все года
https://habr.com/ru/company/otus/blog/488098/,Как создать проект Django из шаблона
https://habr.com/ru/company/ledobzor/blog/487826/,Обзор светодиодных ламп из Польши Spectrum Led E14
https://habr.com/ru/company/ruvds/blog/487684/,Разработка более быстрых приложений на Vue.js
https://habr.com/ru/company/misis/blog/488086/,Старые кости еще послужат: ученые разработали метод изготовления имплантатов на основе натуральной кости
https://habr.com/ru/company/otus/blog/488082/,В двух словах: Лучшие практики Async/Await в .NET
https://habr.com/ru/company/skyeng/blog/487764/,"Мне 14, и я совмещаю школу с работой в ИТ"
https://habr.com/ru/company/leader-id/blog/488058/,Построение графов для чайников: пошаговый гайд
https://habr.com/ru/post/488072/,Koin – это Dependency Injection или Service Locator?
https://habr.com/ru/company/rbkmoney/blog/488070/,Swagger в RBK.money — про наши внешние API
https://habr.com/ru/post/488056/,Анализ нового КоАП касательно полетов БВС
https://habr.com/ru/post/488060/,Backblaze — статистика жестких дисков за 2019
https://habr.com/ru/company/ntc-vulkan/blog/487966/,TDD для микроконтроллеров. Часть 1: Первый полет
https://habr.com/ru/post/488066/,"Гайд по тому, как разработчику стать спикером и зачем это нужно"
https://habr.com/ru/company/mailru/blog/482414/,Математика восхождения по лестнице богатства
https://habr.com/ru/company/dbtc/blog/486666/,"Снегоходы, пиво и деривативы на погоду"
https://habr.com/ru/post/488054/,Связи между таблицами базы данных
https://habr.com/ru/company/piter/blog/488046/,Книга «Разработка с использованием квантовых компьютеров»
https://habr.com/ru/post/488052/,Как манипулировать финансовой отчётностью — на примере Uber
https://habr.com/ru/company/otus/blog/488050/,Первые впечатления от Amazon Neptune
https://habr.com/ru/post/488048/,Осветить прожектором. Как получить максимум импакта на «социальных» хакатонах?
https://habr.com/ru/company/epam_systems/blog/488034/,Что можно успеть за 48 часов? Интервью с победителем хакатона по биоинформатике BioHack 2019
https://habr.com/ru/company/top3dshop/blog/488026/,"Ювелирное искусство, 3D-принтер Formlabs и забота об экологии"
https://habr.com/ru/company/dcmiran/blog/488036/,Домен corp.com выставлен на продажу. Он опасен для сотен тысяч корпоративных компьютеров под управлением Windows
https://habr.com/ru/company/e-Legion/blog/487046/,Как собрать нативную библиотеку для Android
https://habr.com/ru/post/488018/,"Капча, частный случай: рвём нейронную сеть тридцатью строками кода"
https://habr.com/ru/company/tinkoff/blog/487984/,"Сказ о том, как я автоматизировал квартиру с помощью Node-RED. Часть I"
https://habr.com/ru/company/ds/blog/487426/,Гибкость определяет успех
https://habr.com/ru/post/487980/,Как работает Spring Boot Auto-Configuration
https://habr.com/ru/post/487154/,Исследование шейдера песка игры Journey
https://habr.com/ru/post/488028/,Как начать делать игру в UE4
https://habr.com/ru/post/487978/,Мое исследование: «Для чего играют в соревновательные онлайн-игры?»
https://habr.com/ru/company/oleg-bunin/blog/487386/,Адаптационный чек-лист как инструмент мягкого введения в должность
https://habr.com/ru/company/vivaldi/blog/488020/,Vivaldi 2.11 — Красота в одно касание
https://habr.com/ru/company/group-ib/blog/487516/,Охотимся на техники и тактики атакующих с использованием Prefetch-файлов
https://habr.com/ru/company/ua-hosting/blog/487902/,Из огня да в полымя: огнеупорный твердотельный электролит для литий-ионных аккумуляторов
https://habr.com/ru/company/promopult/blog/487076/,Не показываются объявления на поиске Google/Яндекса: 15 возможных причин
https://habr.com/ru/company/intel/blog/487874/,"Intel NUC Chaco Canyon — работает там, где вам нужно"
https://habr.com/ru/post/488012/,Парковка для ваших минусов
https://habr.com/ru/post/487910/,Природные законы и элегантная математика: задачи и решения
https://habr.com/ru/post/488002/,Хрестоматийный случай одного гика
https://habr.com/ru/post/488000/,Tesla Plaid. Два варианта трехмоторной компоновки электропривода
https://habr.com/ru/post/487996/,Как погонщицы скриптов и матери серверов захватывают IT
https://habr.com/ru/post/487868/,Сканирование документов и распознавание текстов с помощью VisionKit и Vision Framework на iOS
https://habr.com/ru/post/487890/,"Перевести речь в текст на iOS, используя Speech framework"
https://habr.com/ru/post/487990/,"Киберугрозы. Прогноз на 2020: искусственный интеллект, бреши в облаках, квантовые вычисления"
https://habr.com/ru/company/spice/blog/486506/,Выпуск#30: ITренировка — актуальные вопросы и задачи от ведущих компаний
https://habr.com/ru/company/ledobzor/blog/487824/,Обзор светодиодных ламп Spectrum Led GU10 из Европы
https://habr.com/ru/post/487972/,Неформальные интервью с хакерами
https://habr.com/ru/post/487808/,Рекуррентные нейронные сети (RNN) с Keras
https://habr.com/ru/post/487970/,Переводим корпоративный портал в Microsoft Teams
https://habr.com/ru/post/487792/,Поднимаем Mercurial на Windows-сервере (с Nginx)
https://habr.com/ru/company/playgendary/blog/487954/,Как я забросил игру спустя четыре года разработки
https://habr.com/ru/post/487964/,"Жизнь после смерти, или не игровая инкарнация консолей"
https://habr.com/ru/post/487962/,Работаем с двухмерной графикой в JavaScript
https://habr.com/ru/company/englishdom/blog/487896/,Когда смерть превращается в искусство: эпитафии известных людей с глубоким смыслом на английском
https://habr.com/ru/post/487956/,Просто о простых числах (быстрый инкрементный метод вычисления простых чисел)
https://habr.com/ru/company/otus/blog/487952/,"Все, что вы хотели узнать про области видимости в Python, но стеснялись спросить"
https://habr.com/ru/post/487950/,Как энергетик изучал нейросети и обзор бесплатного курса «Udacity: Intro to TensorFlow for Deep Learning»
https://habr.com/ru/company/huawei/blog/487730/,Natural Language Processing. Итоги 2019 и тренды на 2020
https://habr.com/ru/post/487940/,Воспроизводимые вычисления в R. Как разделить код и данные?
https://habr.com/ru/post/487938/,Знакомство с effector-dom на примере списка задач
https://habr.com/ru/post/466175/,Cisco Expressway 12.5.5. Видеоконференцсвязь вне офиса без использования VPN
https://habr.com/ru/company/otus/blog/487934/,Как мы оптимизировали наш DNS-сервер с помощью инструментов GO
https://habr.com/ru/post/487930/,Лекционный вечер Хочу в геймдев
https://habr.com/ru/company/ua-hosting/blog/487924/,"Ким Дотком: пойманный в сеть, самый разыскиваемый человек онлайн. Часть 3"
https://habr.com/ru/company/odnoklassniki/blog/486810/,Новый фронтенд Одноклассников: запуск React в Java. Часть II
https://habr.com/ru/post/487922/,Учимся разворачивать микросервисы. Часть 1. Spring Boot и Docker
https://habr.com/ru/company/audiomania/blog/487916/,История компактного аудио: как миниатюрные бобины перекочевали в кассетный форм-фактор
https://habr.com/ru/post/487566/,Понимание CSS Grid: Создание Grid-контейнера
https://habr.com/ru/company/dins/blog/486648/,AWS Lambda in Action на Java 11. Заезжаем с Serverless в «Production»
https://habr.com/ru/company/kingston_technology/blog/487814/,"Скорость и надёжность выше, а цена ниже. Новые твердотельные накопители Kingston KC2000"
https://habr.com/ru/post/487920/,Перегрузка в C++. Часть I. Перегрузка функций и шаблонов
https://habr.com/ru/company/ruvds/blog/487876/,Что такое Windows PowerShell и с чем его едят? Часть 1: основные возможности
https://habr.com/ru/company/otus/blog/487912/,9 советов для ускорения процесса найма в 2020 году
https://habr.com/ru/company/piter/blog/487906/,"Книга «Компьютерные сети. Принципы, технологии, протоколы: Юбилейное издание»"
https://habr.com/ru/post/487908/,Начало войны техпроцессов: 5 нм и 3 нм
https://habr.com/ru/company/yamoney/blog/487444/,"«Пока пил кофе, выставил счет и получил пуш об оплате» — новшества, которые позволяют вести бизнес 24/7"
https://habr.com/ru/post/487898/,Измеряем на коленке пропускную способность памяти
https://habr.com/ru/company/ruvds/blog/486690/,5 рекомендаций по написанию качественных стрелочных функций
https://habr.com/ru/post/487900/,"pyqtdeploy, или упаковываем Python-программу в exe'шник… the hard way"
https://habr.com/ru/company/ppr/blog/487888/,CSRF в Umbraco CMS
https://habr.com/ru/company/globalsign/blog/487882/,Браузер Chrome будет автоматически блокировать назойливую видеорекламу
https://habr.com/ru/post/487400/,Master SCADA 4D. Есть ли жизнь на ARMе?
https://habr.com/ru/company/ascon/blog/487238/,Как проектируют аппаратуру для защиты энергосетей
https://habr.com/ru/company/cloud4y/blog/487052/,Kaboom: необычный сапёр
https://habr.com/ru/company/lanit/blog/486754/,JIRA: правила своевременного приготовления вкусного ПО. TLDR 2: управление требованиями
https://habr.com/ru/company/qiwi/blog/487326/,Автоматизация тестирования ПО QIWI-терминалов
https://habr.com/ru/company/yandex/blog/487772/,Встречайте чувашский язык в Яндекс.Переводчике: как мы решаем главную проблему машинного перевода
https://habr.com/ru/post/486972/,Деревья выражений в C# на примере нахождения производной (Expression Tree Visitor vs Pattern matching)
https://habr.com/ru/company/oleg-bunin/blog/487258/,Aсинхронный PHP
https://habr.com/ru/company/flant/blog/487534/,etcd 3.4.3: исследование надёжности и безопасности хранилища
https://habr.com/ru/post/487486/,Анатомия Sega Dreamcast: вторая жизнь консоли
https://habr.com/ru/company/tuturu/blog/487854/,Как в Намибии защищают диких животных + IoT-ошейники
https://habr.com/ru/post/487842/,2 SIM для дачного роутера — это много или мало?
https://habr.com/ru/company/tensor/blog/487380/,Массовая оптимизация запросов PostgreSQL. Кирилл Боровиков (Тензор)
https://habr.com/ru/post/487676/,Новый конкурс игр для ZX Spectrum — Твоя игра 6
https://habr.com/ru/post/487864/,Электронные паспорта: присоединимся к мировой практике или получим риск утечки персональных данных?
https://habr.com/ru/post/487862/,Почём быть Няшей?
https://habr.com/ru/post/487858/,Практическое использование шаблона Стратегия
https://habr.com/ru/company/cisco/blog/487850/,Кейсы для применения средств анализа сетевых аномалий: обнаружение кампании DNSpionage
https://habr.com/ru/post/487846/,The Ember Times — Выпуск 133
https://habr.com/ru/post/487844/,Запах раскрывает
https://habr.com/ru/post/487798/,Как мы мигрировали с Oracle JDK и Java Web Start на AdoptOpenJDK и OpenWebStart
https://habr.com/ru/company/lenvendo/blog/487408/,Создание отказоустойчивой ИТ инфраструктуры. Часть 3. Организация маршрутизации на роутерах VyOS
https://habr.com/ru/post/487838/,Валидация данных: другой подход
https://habr.com/ru/post/487836/,Интерактивная выгрузка файлов на сервер с помощью RxJS
https://habr.com/ru/post/487724/,BlazingPizza: приложение на Blazor от начала и до конца. Часть 2. Добавляем компонент
https://habr.com/ru/company/kaspersky/blog/487834/,Security Week 07: уязвимость в Bluetooth-стеке Android
https://habr.com/ru/company/ledobzor/blog/487812/,Тестируем польские светодиодные лампы Spectrum Led E27
https://habr.com/ru/company/avito/blog/487822/,AvitoTech On Tour: Android meetup в Нижнем Новгороде
https://habr.com/ru/company/top3dshop/blog/487744/,FARO представляет лазерный 3D-сканер FOCUS S 70
https://habr.com/ru/company/kksng/blog/487788/,Продуктовый дизайн без дизайнера
https://habr.com/ru/company/yandex/blog/487430/,Какие навыки нужны для создания iOS-приложения? Доклад Яндекса
https://habr.com/ru/post/487806/,Создание небольшого API на Deno
https://habr.com/ru/company/toshibarus/blog/485656/,«Скайнет» у станка: есть ли будущее у фабрик без рабочих?
https://habr.com/ru/company/raiffeisenbank/blog/487804/,Growth Teams Meetup в Райффайзенбанке
https://habr.com/ru/post/487794/,Рейтинг скоростных веб-фреймворков 2020
https://habr.com/ru/company/habr/blog/483214/,"Хабр Викли #38 / Как автоматизировать рутину, почему разрабам трудно донести идею, и про сайт за $16 млн бесплатно"
https://habr.com/ru/post/487802/,"Бесперебойники APC Smart UPS, и как их готовить"
https://habr.com/ru/company/vdsina/blog/487800/,"Почему так важно сообщать соискателю, что пошло не так на собеседовании (и как это сделать правильно)"
https://habr.com/ru/post/487796/,Топ-10 необходимых Eclipse плагинов для Java разработчика
https://habr.com/ru/company/mailru/blog/487728/,"Подборка @pythonetc, январь 2020"
https://habr.com/ru/post/487790/,"«Да, они существуют!» Чем занимаются и сколько зарабатывают Data Science-специалисты в Казахстане?"
https://habr.com/ru/post/487784/,Откуда приходят в QA?
https://habr.com/ru/post/487768/,Открытие портов 4321 и 9898 на шлюзе Xiaomi Gateway 2
https://habr.com/ru/company/microsoft/blog/487776/,Microsoft Azure Training Day: миграция серверной инфраструктуры (регистрация окончена)
https://habr.com/ru/post/487782/,Как я избавился от тысячи вкладок…
https://habr.com/ru/company/acribia/blog/487780/,Управление уязвимостями (Vulnerability Management) — чего больше: управления или уязвимостей?
https://habr.com/ru/company/otus/blog/487774/,Ошибки при работе с датой и временем в SQL Server
https://habr.com/ru/company/jugru/blog/487100/,Сверхсовременные иммутабельные структуры данных
https://habr.com/ru/company/icl_services/blog/487752/,Оптимизируем СХД: кейс унификации и снижения стоимости владения
https://habr.com/ru/company/ua-hosting/blog/487756/,"РИТ, Максим Лапшин (Erlyvideo): как программисту вырастить компанию"
https://habr.com/ru/post/468153/,Динамический рендеринг на Next.js
https://habr.com/ru/post/487716/,Идеальный SAST. Парсер
https://habr.com/ru/company/otus/blog/487750/,Некоторые тонкости injection'а коллекций в Spring'е
https://habr.com/ru/post/487738/,Анимация схем в SCADA
https://habr.com/ru/post/487748/,Аппаратный ключ шифрования за 3$ — возможно ли это?
https://habr.com/ru/post/487746/,Вечные
https://habr.com/ru/post/487740/,Собираем переносной магнитометр
https://habr.com/ru/company/madrobots/blog/487420/,Звуковая война Z. Тестируем колонки и наушники MusicDealer
https://habr.com/ru/company/ruvds/blog/487688/,Разработка интерактивной карты распространения коронавируса типа 2019-nCoV на Python
https://habr.com/ru/post/487498/,Выбор базы данных для аналитики
https://habr.com/ru/post/487734/,Ускоряемся в Entity Framework Core
https://habr.com/ru/company/new_hr/blog/487178/,Исследование рынка тимлидов в России
https://habr.com/ru/post/487696/,Digital-мероприятия в Москве c 10 по 16 февраля
https://habr.com/ru/post/487698/,Digital-мероприятия в Санкт-Петербурге c 10 по 16 февраля
https://habr.com/ru/post/487702/,"Подборка статей о машинном обучении: кейсы, гайды и исследования за январь 2020"
https://habr.com/ru/post/487720/,О конкурентном корутинизме (на примере реактивного программирования)
https://habr.com/ru/company/galtsystems/blog/487378/,Лучшие серверы для малого бизнеса в 2020 году
https://habr.com/ru/post/487512/,Как реализовать игнор заблокированных пользователей в группах Telegram?
https://habr.com/ru/post/486858/,Создание полноценного Viberbot. Часть вторая — первый контакт или «сonversation_started»
https://habr.com/ru/post/487706/,Service Discovery в распределенных системах на примере Consul. Александр Сигачев
https://habr.com/ru/post/486288/,Мониторинг Apache Ignite. Сделали правильно
https://habr.com/ru/company/true_engineering/blog/487704/,Как мы построили динамические отчеты на SSRS 2014
https://habr.com/ru/company/alconost/blog/487568/,Кейс Full HP: как получить фичеринг от Google Play и адаптировать ASO под разные страны
https://habr.com/ru/post/487594/,Занимательная мнемотехника: собираем слуховую память из зрительной
https://habr.com/ru/post/487552/,Swift 5.2 — что нового?
https://habr.com/ru/post/485406/,Видео с облачным детектором объектов на Raspberry Pi
https://habr.com/ru/post/487690/,PHP-Дайджест № 173 (27 января – 10 февраля 2020)
https://habr.com/ru/post/487678/,Заметки на полях международной конференции PGConf.Russia 2020. Яркие моменты и слайды
https://habr.com/ru/post/487674/,Дайджест свежих материалов из мира фронтенда за последнюю неделю №401 (3 — 9 февраля 2020)
https://habr.com/ru/post/487670/,На шаг ближе к созданию самого мощного ускорителя частиц
https://habr.com/ru/post/487662/,FOSS News №2 — обзор новостей свободного и открытого ПО за 3-9 февраля 2020 года
https://habr.com/ru/post/487660/,Машинное обучение на Android
https://habr.com/ru/company/digital-ecosystems/blog/487656/,Дайджест интересных материалов для мобильного разработчика #332 (3 — 9 февраля)
https://habr.com/ru/post/487578/,Оптимизация CMake для статических библиотек
https://habr.com/ru/post/487654/,Как работают реляционные базы данных (Часть 1)
https://habr.com/ru/company/audiomania/blog/487632/,"«Коллеги, дышите потише»: почему офисный шум сводит нас с ума — обсуждаем исследования"
https://habr.com/ru/post/487650/,На SDK надейся и сам не плошай: Проблема вложенных скроллов в BottomSheetBehavior
https://habr.com/ru/post/487646/,Нейтронная звезда в пробирке. Сонолюминесценция
https://habr.com/ru/post/487644/,Получение котировок акций при помощи Python
https://habr.com/ru/company/ua-hosting/blog/487638/,"HighLoad++, Михаил Тюленев (MongoDB): Causal consistency: от теории к практике"
https://habr.com/ru/post/487636/,"API, ради которых наконец-то стоит обновиться с Java 8. Часть 2"
https://habr.com/ru/post/487606/,"Визуализация линий напряженности и движений электростатических зарядов, симулирование движения планет солнечной системы"
https://habr.com/ru/post/487630/,Самый простой алгоритм для создания Филворда (Часть 1)
https://habr.com/ru/post/487628/,Диагностика старения на основе 9 признаков «Hallmarks of Aging»
https://habr.com/ru/post/487626/,Как работает парктроник и как его обмануть
https://habr.com/ru/post/487622/,Антипаттерны работы с базами данных
https://habr.com/ru/post/487620/,Решение задания с pwnable.kr 27 — tiny_easy. Разбираемся с Stack spraying
https://habr.com/ru/post/487616/,Создание собственного элемента на примере таблицы на C# для Windows Form
https://habr.com/ru/post/487448/,Сверхспособности сверхтонких материалов: в материаловедении 2D – это новое 3D
https://habr.com/ru/post/487610/,"RealWorld: aiohttp, Tortoise ORM"
https://habr.com/ru/post/487574/,Работаем с аудио: прогресс и визуализация
https://habr.com/ru/post/487604/,Краткие заметки embed-программиста: дублирование секции в памяти микроконтроллера
https://habr.com/ru/company/microsoft/blog/487584/,Гитхабификация Информационной Безопасности
https://habr.com/ru/post/487592/,VMware vSAN 6.7 — И грянул гром
https://habr.com/ru/post/482638/,Цифровой рентген: инспектор Гаджетов
https://habr.com/ru/post/487582/,Не боги горшки обжигают
https://habr.com/ru/post/487570/,"Redis Best Practices, часть 2"
https://habr.com/ru/post/487370/,Анализ рынка недвижимости на основе данных с msgr.ru
https://habr.com/ru/post/487564/,Пол Грэм: «Главная идея в вашей голове» (The Top Idea in Your Mind)
https://habr.com/ru/company/iticapital/blog/487560/,"Bank of America: Капитализация «Яндекса» вырастет на $1,4 млрд"
https://habr.com/ru/post/487558/,Пол Грэм: «Дети и стартапы»
https://habr.com/ru/post/487556/,Новости из мира OpenStreetMap № 497 (21.01.2020-27.01.2020)
https://habr.com/ru/post/487550/,3D картинка на питоне с (почти) нормальной производительностью
https://habr.com/ru/post/487542/,PRESENT — ультралегкое блочное шифрование (перевод оригинальной статьи PRESENT: An Ultra-Lightweight Block Cipher)
https://habr.com/ru/company/ua-hosting/blog/487540/,"HighLoad++, Анастасия Цымбалюк, Станислав Целовальников (Сбербанк): как мы стали MDA"
https://habr.com/ru/company/qrator/blog/487514/,Ежегодный отчет Qrator Labs о сетевой безопасности и доступности
https://habr.com/ru/company/habr/blog/487528/,Изменения в пользовательском соглашении и политике конфиденциальности на сервисах Хабра
https://habr.com/ru/post/487524/,Зачем хардверному стартапу софтовый хакатон
https://habr.com/ru/post/487522/,"Делаем так, чтобы терминал летал (часть 1)"
https://habr.com/ru/post/487518/,Радиоактивные продукты. Гамма-спектрометр. Часть 2
https://habr.com/ru/post/487510/,Радиоактивные продукты. Гамма-спектрометр. Часть 1
https://habr.com/ru/post/487508/,Измерение расстояния до объектов с помощью RealSense D435
https://habr.com/ru/company/misis/blog/487504/,Ко Дню российской науки названы лучшие достижения отечественных учёных 2019 года
https://habr.com/ru/post/486820/,70 вопросов по JavaScript для подготовки к собеседованию
https://habr.com/ru/post/487446/,Может ли компания «владеть» цветом?
https://habr.com/ru/company/cisco/blog/487488/,Кейсы для применения средств анализа сетевых аномалий: обнаружение распространения вредоносного кода
https://habr.com/ru/post/485402/,Микрофонный усилитель и УНЧ для ЦАП и АЦП микроконтроллера
https://habr.com/ru/company/top3dshop/blog/487470/,Calibry: ценовой прорыв в 3D-сканировании
https://habr.com/ru/company/englishdom/blog/487414/,Компьютерные квесты как очешуительный инструмент для изучения слов на английском
https://habr.com/ru/post/487462/,JavaScript библиотека Webix глазами новичка. Часть 4. Работа с данными. CRUD
https://habr.com/ru/company/otus/blog/487460/,Delta: Платформа синхронизации данных и обогащения
https://habr.com/ru/post/487368/,Гибридный отдел продаж. Люди + ИИ работают в одной команде
https://habr.com/ru/post/487454/,Кто эти люди? Зачем я им нужна? и другие проблемы скрам-мастера
https://habr.com/ru/post/487450/,Настраиваем WireGuard на роутере Mikrotik под управлением OpenWrt
https://habr.com/ru/post/487438/,Как создать IT компанию с нуля — без опыта работы в данной сфере и навыков программирования?
https://habr.com/ru/post/487428/,Под капотом бота-клиента Яндекс.Музыки
https://habr.com/ru/post/487282/,"Как я решил сделать текстовый квест для iOS и что из этого вышло. Часть II, работа над ошибками"
https://habr.com/ru/post/487418/,Что такое SAP?
https://habr.com/ru/company/dcmiran/blog/487424/,Как масштабироваться с 1 до 100 000 пользователей
https://habr.com/ru/post/487340/,Как мы делали очередной конструктор чат-ботов. Часть 1
https://habr.com/ru/post/487422/,Обязанности администратора Salesforce: Что должно быть сделано и когда
https://habr.com/ru/post/487390/,Веб компоненты без Shadow DOM
https://habr.com/ru/company/tinkoff/blog/487412/,Дружим ORDER BY с индексами
https://habr.com/ru/post/487404/,GoLang и OpenCV (OpenVino && Cuda)
https://habr.com/ru/post/487406/,Реверс-инжиниринг домашнего роутера с помощью binwalk. Доверяете софту своего роутера?
https://habr.com/ru/post/487402/,Регулятор расхода газа в 5 раз дешевле коммерческих решений
https://habr.com/ru/post/487362/,Angular 9 теперь доступен — Ivy прибыл
https://habr.com/ru/post/487392/,Что хочет знать Магнит о своих покупателях?
https://habr.com/ru/company/ruvds/blog/487384/,Профессия: фронтенд-разработчик
https://habr.com/ru/company/jetinfosystems/blog/484696/,Как менялся рынок BI и почему мы решили создать свою BI платформу
https://habr.com/ru/company/skyeng/blog/485166/,"Как наладить обмен знаниями в компании, чтобы не было так больно"
https://habr.com/ru/post/486902/,Протокольно-ориентированное программирование в Swift 5.1
https://habr.com/ru/company/playrix/blog/487250/,Отложенный Alpha blending
https://habr.com/ru/post/487394/,Перевод книги Эндрю Ына «Страсть к машинному обучению» Главы 34 и 35
https://habr.com/ru/company/ruvds/blog/486688/,"Node.js, Tor, Puppeteer и Cheerio: анонимный веб-скрапинг"
https://habr.com/ru/post/486582/,История микропроцессора и персонального компьютера: 1980 — 1984 годы
https://habr.com/ru/company/mailru/blog/487322/,Визуализация науки: иллюстрации и инфографика
https://habr.com/ru/company/jugru/blog/487294/,Playwright — драматургия от Microsoft и новый инструмент для тестирования
https://habr.com/ru/company/vdsina/blog/487376/,"10 полезных функций Angular, которые вы упускали"
https://habr.com/ru/company/cloud4y/blog/487044/,"Неприкосновенность личной жизни? Нет, не слышали"
https://habr.com/ru/post/487374/,Пол Грэм: «Попсовые задачи» (Fashionable Problems)
https://habr.com/ru/post/487372/,Сертификация по программе IBM Data Science Professional Certificate
https://habr.com/ru/company/dbtc/blog/487318/,Введение во взаимную аутентификацию сервисов на Java c TLS/SSL
https://habr.com/ru/company/lanit/blog/487224/,"Сколько может длиться долгострой, которому суждено стать шедевром"
https://habr.com/ru/company/robogazon/blog/487054/,ROS: Застрявшим в Gazebo посвящается… Платформа для робота за 28.000 руб
https://habr.com/ru/company/ua-hosting/blog/487232/,Иммунный импринтинг в детстве: происхождение защиты от вирусов
https://habr.com/ru/post/487120/,Как правильно раздавать котят
https://habr.com/ru/post/485408/,Пример реализации универсального REST сервиса (Avalanche — application framework for Java)
https://habr.com/ru/post/487366/,Паника государств: неочевидный взгляд на эпидемию короновируса 2019-nCoV
https://habr.com/ru/post/487168/,Интерфейсные байки Токсичного Деда “Инструментальный трэш” (s1 e2)
https://habr.com/ru/company/microsoft/blog/486430/,Microsoft инвестирует $40 млн в ИИ для здравоохранения
https://habr.com/ru/post/487288/,Как Atari бросила вызов Apple на поле домашних ПК 1980-х
https://habr.com/ru/post/484960/,SageMath и CoCalc: как всё начиналось. Часть вторая
https://habr.com/ru/company/tssolution/blog/486914/,8. Fortinet Getting Started v6.0. Работа с пользователями
https://habr.com/ru/company/alconost/blog/487334/,Как «удаленка» повышает эффективность совместной работы
https://habr.com/ru/post/487356/,Собрался изменять? Подумай еще раз
https://habr.com/ru/company/cisco/blog/487346/,Кейсы для применения средств анализа сетевых аномалий: обнаружение утечек
https://habr.com/ru/post/486876/,Строим Telegram-бот в Яндекс.Облаке
https://habr.com/ru/post/487342/,Занятие #2 — Встречи и события
https://habr.com/ru/post/487308/,Java Records (JEP 359)
https://habr.com/ru/post/487336/,Unity — Enable Multidex или слишком много методов
https://habr.com/ru/company/lamptest/blog/487332/,Тест дешёвых светодиодных ламп Ergolux
https://habr.com/ru/company/JetBrains/blog/487276/,Когда я на часах
https://habr.com/ru/post/486552/,«Культурный код: секреты чрезвычайно успешных групп и организаций» — заметки из книги
https://habr.com/ru/post/487314/,Бремя белых воротничков (про дискриминацию в IT)
https://habr.com/ru/post/487310/,Как рассчитать финансовую модель программы лояльности
https://habr.com/ru/company/otus/blog/487298/,Влияние Ethernet на сетевые технологии в 2020 году
https://habr.com/ru/post/487296/,Опыт создания web-приложения с Pony ORM
https://habr.com/ru/post/486358/,Transformer в картинках
https://habr.com/ru/company/medgadgets/blog/487218/,Botzees — робот-конструктор для самых маленьких с дополненной реальностью и добрыми глазами
https://habr.com/ru/company/medgadgets/blog/487218/,Botzees — робот-конструктор для самых маленьких с дополненной реальностью и добрыми глазами
https://habr.com/ru/post/487290/,Samsung удалённо блокирует свои «серые» Smart TV в России. UPD — заявление Samsung
https://habr.com/ru/company/vdsina/blog/487284/,Разбираем идеальный кейс фишинга при аренде квартиры
https://habr.com/ru/company/plarium/blog/487280/,8 важных веб-приложений для разработчиков
https://habr.com/ru/post/487274/,Как правильно делать код-ревью?
https://habr.com/ru/company/badoo/blog/487234/,"Железо или оптимизация? Badoo, Авито и Мамба — о производительности PHP"
https://habr.com/ru/company/vivaldi/blog/487272/,Закладки — подсчёт закончен
https://habr.com/ru/company/abbyy/blog/487074/,Как NLP-технологии ABBYY научились мониторить новости и управлять рисками
https://habr.com/ru/company/misis/blog/487270/,Продлить срок службы экранов гаджетов могут перовскиты
https://habr.com/ru/post/487266/,Вышел GitLab 12.7 с конвейерами Parent-Child и бета-версией общих обработчиков заданий для Windows
https://habr.com/ru/company/avito/blog/487228/,Фронтенд митап Facebook и AvitoTech
https://habr.com/ru/company/digital-ecosystems/blog/487242/,Дайджест IT-событий февраля
https://habr.com/ru/post/487256/,Сгореть и вернуться из пепла или люди-фениксы
https://habr.com/ru/company/fujitsu/blog/487254/,Как использовать камеры видеонаблюдения не только для слежки за злоумышленниками
https://habr.com/ru/company/ods/blog/487172/,Открытый курс «Deep Learning in NLP» от создателей DeepPavlov на базе курса cs224n
https://habr.com/ru/post/487248/,Еще немного о неправильном тестировании
https://habr.com/ru/post/487246/,"Возможно, удостоверяющий центр компании Тензор компрометирует приватные ключи клиентов"
https://habr.com/ru/post/487174/,Поднимаем свой инстанс Webogram с проксированием через nginx
https://habr.com/ru/post/486404/,Задача о доставке грузов
https://habr.com/ru/company/southbridge/blog/487110/,Слёрм SRE. Сплошной эксперимент c экспертами из Booking.com и Google.com
https://habr.com/ru/company/ruvds/blog/486686/,О реализации библиотеки для глубокого обучения на Python
https://habr.com/ru/post/487230/,Заметки о жизни в США
https://habr.com/ru/company/mailru/blog/484334/,Рабочие узлы Kubernetes: много маленьких или несколько больших?
https://habr.com/ru/company/bizone/blog/487226/,Сделай свой бейдж: Shitty Add-On не против OFFZONE
https://habr.com/ru/company/oleg-bunin/blog/485960/,Чистое зло Python
https://habr.com/ru/post/487144/,Тест панорамной камеры Jabra Panacast с углом обзора 180° (видео)
https://habr.com/ru/company/flant/blog/478404/,KeyDB как [потенциальная] замена Redis
https://habr.com/ru/company/ledobzor/blog/487220/,Обзор светодиодных ламп Remez E27 и E14 на корейских светодиодах нового поколения
https://habr.com/ru/company/leroy_merlin/blog/486978/,Заметки с полей: одна из самых больших OpenSource конференций FOSDEM 2020
https://habr.com/ru/company/dataline/blog/487210/,"Как настроить Elasticsearch, чтобы не было утечек"
https://habr.com/ru/company/ua-hosting/blog/487216/,"Ким Дотком: пойманный в сеть, самый разыскиваемый человек онлайн. Часть 2"
https://habr.com/ru/company/redhatrussia/blog/487214/,Dark Launch в Istio: секретные службы
https://habr.com/ru/company/playme/blog/487200/,6 причин ненавидеть радар-детектор
https://habr.com/ru/post/487208/,"Аналитика для Telegram-ботов, написанных на Python"
https://habr.com/ru/company/playgendary/blog/487206/,Как разработчики делают игры «честными»
https://habr.com/ru/post/486318/,Как заработать на распознавании эмоций
https://habr.com/ru/company/intel/blog/486860/,ATX12VO — питаемся по-новому
https://habr.com/ru/company/solarsecurity/blog/486966/,Почему удобство vs безопасность — не трейдофф
https://habr.com/ru/post/487098/,Рисуем муравьями: процедурные изображения при помощи алгоритмов оптимизации муравьиной колонии
https://habr.com/ru/company/dsec/blog/486410/,"Посоветуйте, что почитать. Часть 1"
https://habr.com/ru/post/487198/,Внимание! Сознание Homo. I
https://habr.com/ru/post/487196/,ОС «Сивелькирия»: миссия и форма запуска
https://habr.com/ru/post/485994/,ImportExportDataSql — бесплатный конвертер данных MSSQL
https://habr.com/ru/post/487182/,Как сделать API на любое Android приложение. На примере WhatsApp
https://habr.com/ru/post/487188/,"TTY — терминал, который не для домашнего использования"
https://habr.com/ru/post/450616/,Сколь дороги космические исследования?
https://habr.com/ru/post/487186/,Я опубликовал исходный код своего первого веб-приложения
https://habr.com/ru/post/487032/,Ищущий да обрящет
https://habr.com/ru/post/486998/,Дешёвая и быстрая печать на чековом термопринтере
https://habr.com/ru/post/487162/,Нужна ли конфиденциальность современным бизнесменам и компаниям?
https://habr.com/ru/post/487116/,Почему Discord переходит с Go на Rust
https://habr.com/ru/post/487158/,Управление интерфейсом приложения при помощи жестов (Keras + CoreML)
https://habr.com/ru/post/487146/,ResizeObserver — новый мощный инструмент для работы с адаптивностью
https://habr.com/ru/company/otus/blog/487140/,Сохранение бизнес-логики в Swift Combine. Часть 1
https://habr.com/ru/post/487138/,Теория графов в машинном обучении для самых маленьких
https://habr.com/ru/post/487136/,Чистый код для TypeScript — Часть 3
https://habr.com/ru/company/mailru/blog/487108/,Профиль мобильного геймера: исследование myTracker
https://habr.com/ru/company/otus/blog/487126/,Как корпоративные команды разработчиков используют GitLab и Mattermost ChatOps для ускорения разработки
https://habr.com/ru/post/487124/,Интервью с Борей Янгелем про self-drive в Яндексе и историю создания Алисы
https://habr.com/ru/company/leader-id/blog/486942/,Реализация алгоритмической теории игр на Python с Nashpy
https://habr.com/ru/post/487122/,Перевод Google JavaScript Style Guide
https://habr.com/ru/company/otus/blog/487118/,"Loki — сбор логов, используя подход Prometheus"
https://habr.com/ru/post/487112/,Грани безумия: базовый круг
https://habr.com/ru/company/habr_career/blog/486982/,"Как научиться фронтенд-разработке, найти первую работу и не набить шишек"
https://habr.com/ru/post/486864/,Переход с OpenVPN на WireGuard для объединения сетей в одну сеть L2
https://habr.com/ru/company/pvs-studio/blog/487106/,Проверка RunUO анализатором PVS-Studio
https://habr.com/ru/company/tinkoff/blog/487094/,"Повторная обработка событий, полученных из Kafka"
https://habr.com/ru/post/487022/,"Друдлы. часть 1. Tesla GPU, cryptocurrency and stocks"
https://habr.com/ru/post/487096/,Сниппеты. Как сделать процесс работы с документацией проще
https://habr.com/ru/post/487086/,Защита ПО процессора S805-B (secured boot)
https://habr.com/ru/post/487092/,Моделирование бизнес-процессов как часть проекта по внедрению ERP-системы
https://habr.com/ru/company/mvideo/blog/487028/,Наш пример: Как утилизируют электронику. Фоторепортаж
https://habr.com/ru/post/487090/,Новый уровень оптимизации Windows
https://habr.com/ru/company/piter/blog/487082/,Книга «Вселенная. Путешествие во времени и пространстве»
https://habr.com/ru/post/487088/,Дебаг GSM-весов на Arduino
https://habr.com/ru/company/yandex/blog/487078/,Как мы приучили коллег брать вещи без спроса
https://habr.com/ru/company/itsumma/blog/486884/,"Японская фармкомпания приступает к испытаниям лекарства, синтезированного с помощью нейросети"
https://habr.com/ru/post/487072/,А хочу жениться
https://habr.com/ru/post/486874/,"Коронавирус 2019-nCoV: смертность небольшая, большая летальность"
https://habr.com/ru/company/oleg-bunin/blog/486844/,Эволюция обработки вебхуков Facebook: с нуля до 25 000 в секунду
https://habr.com/ru/company/ruvds/blog/486684/,"Мой ответ тем, кто полагает, что значение TDD преувеличено"
https://habr.com/ru/post/486258/,PIndastrial shield — модуль питания и интерфейса RS-485 для Raspberry PI
https://habr.com/ru/post/487068/,Деловая карта АТЭС: альтернатива бизнес-визе в Китай и другие страны
https://habr.com/ru/company/southbridge/blog/486742/,Интервью с Анатолием Вассерманом о Будущем
https://habr.com/ru/post/487066/,Работа с китайской микросхемой АЦП Hx711
https://habr.com/ru/post/487064/,Мой второй год в качестве независимого разработчика
https://habr.com/ru/company/globalsign/blog/487062/,"Компания CBS разрешила пользователям Linux посмотреть сериал «Звёздный путь», спасибо ей за это"
https://habr.com/ru/company/vdsina/blog/487060/,Пользуетесь Google Chrome? Значит Google собирает ваши данные через X-client-data
https://habr.com/ru/post/487058/,«Hadoop. ZooKeeper» из серии Технострима Mail.Ru Group «Методы распределенной обработки больших объемов данных в Hadoop»
https://habr.com/ru/post/487056/,Опасно ли держать открытым RDP в Интернете?
https://habr.com/ru/post/484476/,SageMath и CoCalc: как всё начиналось. Часть первая
https://habr.com/ru/post/486920/,Как сделать пошаговый гайд вашего приложения (если ваш проект на Angular)
https://habr.com/ru/company/ua-hosting/blog/486866/,Синхронное фуэте: биологические моторы в нанотехнологиях
https://habr.com/ru/company/intersystems/blog/486984/,Python Gateway в InterSystems IRIS
https://habr.com/ru/company/veeam/blog/486994/,Angular: Интеграционное тестирование (Shallow testing)
https://habr.com/ru/company/promopult/blog/486764/,Schema.org своими руками: настраиваем микроразметку без программиста
https://habr.com/ru/company/dcmiran/blog/487042/,"64-ядерный Ryzen Threadripper 3990X разгромил в тестах все процессоры Intel, включая Xeon стоимостью $20 000"
https://habr.com/ru/post/487040/,Firefox Preview Nightly для Android получил поддержку uBlock Origin
https://habr.com/ru/post/487038/,"Внезапно, одной лишь системы сборки мусора недостаточно"
https://habr.com/ru/post/486794/,У отростков нейронов человека обнаружились неожиданные способности к вычислениям
https://habr.com/ru/company/microsoft/blog/486638/,Blazor WebAssembly 3.2.0 Preview 1 теперь доступна
https://habr.com/ru/company/ledobzor/blog/486934/,Тестируем недорогой промышленный светодиодный светильник TL-PROM-50-5K с честными характеристиками
https://habr.com/ru/post/487020/,"Ок, Гугл, «спасибо» за новый автомобиль"
https://habr.com/ru/post/487014/,Nothing At Stake: компромиссы с совестью
https://habr.com/ru/post/487012/,"Сергей Зайченко: «Если вы не знаете, где брать данные, берите их из OSM»"
https://habr.com/ru/post/487000/,Citrus: Набор стилей для AvaloniaUI
https://habr.com/ru/post/487008/,Опубликованы изменения в правилах полетов беспилотников
https://habr.com/ru/company/vasexperts/blog/487004/,Почему все больше американских штатов возвращает сетевой нейтралитет — обсуждаем ход событий
https://habr.com/ru/post/487006/,"Консольные утилиты Linux, которые смогут облегчить вам жизнь"
https://habr.com/ru/post/487002/,Маркетинг дополненной реальности: что это и как он работает
https://habr.com/ru/post/486668/,Embedded World 2020. Русские идут
https://habr.com/ru/post/486988/,Карманная метеостанция
https://habr.com/ru/post/486974/,Серийное производство электроники в России. Автоматизация тестирования
https://habr.com/ru/company/ua-hosting/blog/486980/,"Ким Дотком: пойманный в сеть, самый разыскиваемый человек онлайн. Часть 1"
https://habr.com/ru/post/486478/,Подключение многофакторной аутентификации Мультифактор в .NET Core
https://habr.com/ru/post/486976/,Проблемы российского информационного образования и их возможные пути решения
https://habr.com/ru/company/tsystems/blog/486964/,"Многозадачный и любопытный. Java Champion Митя Александров о создании IT-комьюнити, «удаленке» и жизни"
https://habr.com/ru/post/486962/,Обзор Лекционного вечера по разработке игр от ВШЭ
https://habr.com/ru/company/southbridge/blog/486868/,Зачем и для кого мы делаем Слёрм Agile
https://habr.com/ru/company/kaspersky/blog/486950/,Древности: беспощадный апгрейд 386-го компьютера
https://habr.com/ru/company/kksng/blog/486780/,Фронтенд-разработка в компании: что это и как сделать её эффективной
https://habr.com/ru/post/486948/,"Как выбрать редактор, и почему нужно выбрать NeoVim?"
https://habr.com/ru/post/486946/,do {Yoga} while (болит спина)
https://habr.com/ru/company/englishdom/blog/486880/,"Ошибки переводчиков, которые привели к катастрофическим последствиям"
https://habr.com/ru/company/hpe/blog/486944/,Вебинары Hewlett Packard Enterprise | Февраль-апрель 2020 года
https://habr.com/ru/company/raiffeisenbank/blog/486922/,Scrum Community Meetup в Райффайзенбанке
https://habr.com/ru/company/otus/blog/486938/,"Разбираемся с моделью машинного обучения, которая ломает CAPTCHA"
https://habr.com/ru/company/it-grad/blog/486932/,Кибернетика в СССР: от лженауки до панацеи
https://habr.com/ru/post/486930/,Подборка занимательных статистических фактов #4
https://habr.com/ru/post/486928/,Как поднять свой сервер на RaspberryPI на основе docker
https://habr.com/ru/company/ru_mts/blog/485976/,Туториал по Uplift моделированию. Часть 2
https://habr.com/ru/company/rbkmoney/blog/486924/,Найди флаг и не отдавай его. Как мы проводили RBKmoney CTF
https://habr.com/ru/company/vdsina/blog/486918/,Emacs — 6 трюков для продуктивной работы
https://habr.com/ru/post/486912/,Lowkiq. Зачем мы его сделали?
https://habr.com/ru/post/485890/,Обучение и оценка модели с Keras
https://habr.com/ru/company/drweb/blog/486908/,"Wulfric Ransomware – шифровальщик, которого нет"
https://habr.com/ru/post/486904/,Отображение разработчикам статуса контроля качества исходного кода в SonarQube
https://habr.com/ru/company/mailru/blog/486890/,Саморазвитие: как я не усидел на двух стульях и нашел третий
https://habr.com/ru/company/jugru/blog/486712/,«Типичная ошибка — бездумно бенчмаркать всё подряд»: интервью с Андреем Акиньшиным о бенчмаркинге
https://habr.com/ru/post/486896/,UID и авторизация Stalker на MAG250
https://habr.com/ru/company/piter/blog/486888/,Книга «Объектно-ориентированный подход. 5-е межд. изд.»
https://habr.com/ru/post/486892/,"Contact Picker API, или как поделиться своими контактами с браузером"
https://habr.com/ru/company/cloud4y/blog/486726/,Диагностика сетевых соединений на виртуальном роутере EDGE
https://habr.com/ru/company/ruvds/blog/486804/,Глобальная информатика в здравоохранении: облачные технологии
https://habr.com/ru/post/476654/,Мой переезд в Испанию
https://habr.com/ru/company/qiwi/blog/486800/,"Cassandra. Как не умереть, если знаешь только Oracle"
https://habr.com/ru/company/lanit/blog/485722/,Как мы провели конференцию ConfQA по автоматизированному тестированию
https://habr.com/ru/company/ruvds/blog/486692/,"Средства консоли Chrome, которыми вы, возможно, никогда не пользовались"
https://habr.com/ru/company/sberbank/blog/486766/,Как на архаичном рынке факторинга перевести все сделки в онлайн? Опыт «Сбербанк Факторинга»
https://habr.com/ru/company/odnoklassniki/blog/486722/,Статическое тестирование безопасности опенсорсными инструментами
https://habr.com/ru/post/486326/,Кто есть кто в мировой микроэлектронике
https://habr.com/ru/company/oleg-bunin/blog/486842/,Consul + iptables = :3
https://habr.com/ru/post/486878/,"Крылья, ноги и хвосты"
https://habr.com/ru/company/southbridge/blog/486554/,Слёрм DevOps. Три дня погружения в DevOps. И лекция Анатолия Вассермана «Вычислительная проблема социализма»
https://habr.com/ru/post/485568/,Опенсорс приключения киберэлектроника
https://habr.com/ru/post/486872/,Linux. Настройка клавиатуры
https://habr.com/ru/post/486782/,UI/UX — дизайн. Тренды и прогнозы на 2020 год
https://habr.com/ru/company/citymobil/blog/486870/,Как мы фрод из избы выносили
https://habr.com/ru/company/ascon/blog/485420/,Как мы используем многопоточность в геометрическом ядре
https://habr.com/ru/company/jetinfosystems/blog/486210/,2020-й: тенденции и прогнозы
https://habr.com/ru/post/486336/,Автоматическая проверка требований ТЗ в процессе динамического моделирования
https://habr.com/ru/company/tuturu/blog/486850/,Новый плацкарт — как капсульный отель
https://habr.com/ru/company/funcorp/blog/486822/,[По докам] Flutter. Часть 4. Для веб-разработчиков
https://habr.com/ru/post/486792/,Путь робота к ледяному спутнику другой планеты начинается в глубинах Антарктики
https://habr.com/ru/company/microsoft/blog/486634/,MSVC Backend обновления в Visual Studio 2019 версии 16.3 и 16.4
https://habr.com/ru/post/486862/,"5 причин, по которым моушн дизайн помогает вам общаться с людьми"
https://habr.com/ru/post/486798/,Есть ли «GameDev» на Сахалине? END
https://habr.com/ru/post/486818/,Портируем Quake на iPod Classic
https://habr.com/ru/post/486678/,Quartz в ASP.NET Core
https://habr.com/ru/post/486716/,Что делает Free API Московской биржи в Google Таблицах
https://habr.com/ru/post/486076/,От земли к FPV Квадрокоптеру: Введение
https://habr.com/ru/post/486832/,Сколько лет тайга ходи — понимай нету
https://habr.com/ru/post/486826/,Создание полноценного Viberbot на Django 2 и Viber REST API. Часть первая — Webhook
https://habr.com/ru/post/486824/,Вредные советы при работе с ANTLR
https://habr.com/ru/company/ua-hosting/blog/486814/,Zabbix: топология сети наглядно и автоматически
https://habr.com/ru/post/486808/,Электронный тест беременности из аптеки: как это работает
https://habr.com/ru/post/486802/,People meet recommender systems. Factorization
https://habr.com/ru/company/varonis/blog/486790/,И снова Qbot – новый штамм банковского трояна
https://habr.com/ru/post/486788/,Вебинар «Удаленный мониторинг и диагностика оборудования. Примеры внедрения решения Winnum CNC на производстве»
https://habr.com/ru/post/486784/,Братьям Люмьер и не снилось
https://habr.com/ru/company/X5RetailGroup/blog/486778/,SSO на микросервисной архитектуре. Используем Keycloak. Часть №1
https://habr.com/ru/post/486776/,Автодополнение кода и проверка типов для boto3
https://habr.com/ru/company/otus/blog/486772/,"Гореть, но не сгорать – гореть, чтобы светить"
https://habr.com/ru/post/486768/,Доработка админки Webasyst
https://habr.com/ru/company/vdsina/blog/486762/,Подкроватный хостинг: жуткая практика домашних хостингов
https://habr.com/ru/company/kaspersky/blog/486760/,Security Week 06: рекламные трекеры в мобильных приложениях
https://habr.com/ru/post/486756/,Python для тестировщика: как маленькие скрипты c pandas помогают в тестировании больших наборов данных
https://habr.com/ru/post/486752/,Уникальный WSGI веб сервер c использованием ESP8266. Часть 1
https://habr.com/ru/post/486750/,Сериал «For All Mankind»: от альтернативной истории к трешу
https://habr.com/ru/company/medgadgets/blog/486744/,Умный корректор осанки отечественного производства поступил в продажу. Посмотрели на новинку — IBACK
https://habr.com/ru/company/yandex/blog/486146/,Как переписать фронтенд нагруженного проекта и не потерять главного
https://habr.com/ru/post/481558/,.NET Core vs Framework. Производительность коллекций
https://habr.com/ru/post/486746/,"Пиши, не сокращай. Чего мне стало не хватать в публикациях Хабра"
https://habr.com/ru/company/acronis/blog/486402/,Смерть резервного копирования: новые угрозы и новая защита Global Cyber Summit 2020
https://habr.com/ru/post/486740/,Пишем API на Rust с помощью процедурных макросов
https://habr.com/ru/post/486738/,PHP Code Style Conventions
https://habr.com/ru/post/486736/,Как повысить скорость декодирования видеопотока в FFmpeg
https://habr.com/ru/company/ruvds/blog/485642/,Главные причины медленной работы Angular-приложений
https://habr.com/ru/post/486734/,Чистая архитектура с Typescript: DDD и слоистая архитектура
https://habr.com/ru/company/ivideon/blog/486482/,"Уникальные лица: подсчет посетителей, поиск посторонних, идентификация в системах распознавания"
